Date,Portfolio Value
2018-01-03,10061.375322256867
2018-01-04,10088.458260839681
2018-01-05,10138.940274301036
2018-01-08,10156.739372833727
2018-01-09,10134.25720611665
2018-01-10,10120.931510645714
2018-01-11,10182.908058725732
2018-01-12,10247.689740025337
2018-01-16,10235.148248743606
2018-01-17,10296.234906209198
2018-01-18,10268.4561525758
2018-01-19,10290.579098756309
2018-01-22,10360.963306517417
2018-01-23,10409.530353536693
2018-01-24,10389.049430418467
2018-01-25,10399.821014272713
2018-01-26,10488.894789066873
2018-01-29,10425.306905672704
2018-01-30,10340.055467149938
2018-01-31,10374.119865300296
2018-02-01,10316.298088283622
2018-02-02,10132.055678295757
2018-02-05,9864.429438259696
2018-02-06,9997.976820462382
2018-02-07,9913.76889390529
2018-02-08,9638.872924584886
2018-02-09,9732.926214044592
2018-02-12,9855.17090737809
2018-02-13,9894.637387583296
2018-02-14,9998.552393511634
2018-02-15,10113.237764111922
2018-02-16,10108.527587522824
2018-02-20,10066.833892532188
2018-02-21,10008.892436589671
2018-02-22,10024.815489248225
2018-02-23,10166.76822146939
2018-02-26,10257.622620929655
2018-02-27,10154.627400488384
2018-02-28,10105.7825000424
2018-03-01,10009.039091375287
2018-03-02,10046.347711347498
2018-03-05,10119.089647037063
2018-03-06,10154.989449609562
2018-03-07,10151.814464548665
2018-03-08,10197.510155262484
2018-03-09,10315.501738580835
2018-03-12,10338.661553010406
2018-03-13,10282.14722304609
2018-03-14,10277.964706982164
2018-03-15,10264.249311004922
2018-03-16,10249.738781880902
2018-03-19,10124.378197981301
2018-03-20,10128.583887059953
2018-03-21,10127.473941713874
2018-03-22,9967.28555582085
2018-03-23,9814.914117954191
2018-03-26,10029.37762262711
2018-03-27,9879.037218351097
2018-03-28,9824.853175390941
2018-03-29,9939.076404903255
2018-04-02,9782.774309371845
2018-04-03,9843.486478913332
2018-04-04,9929.280631278854
2018-04-05,9957.68223428282
2018-04-06,9820.612748616497
2018-04-09,9867.249447824228
2018-04-10,9994.070258978667
2018-04-11,9970.700615269183
2018-04-12,10013.328259308924
2018-04-13,9997.237736015457
2018-04-16,10055.04960484091
2018-04-17,10169.442451568677
2018-04-18,10163.224857189141
2018-04-19,10094.100267721866
2018-04-20,9989.71167532717
2018-04-23,9974.078797517655
2018-04-24,9852.705803484016
2018-04-25,9846.391165409132
2018-04-26,9958.946671396763
2018-04-27,9984.115939392028
2018-04-30,9928.44033285646
2018-05-01,9955.385803747324
2018-05-02,9908.352372601728
2018-05-03,9913.179504313204
2018-05-04,10026.021474155097
2018-05-07,10061.622440673109
2018-05-08,10056.835064919265
2018-05-09,10114.470400966518
2018-05-10,10206.952194665284
2018-05-11,10220.204723337318
2018-05-14,10212.428356238217
2018-05-15,10110.625478328262
2018-05-16,10138.359775852532
2018-05-17,10113.573205626422
2018-05-18,10105.598476219859
2018-05-21,10154.619774698536
2018-05-22,10135.647491622052
2018-05-23,10188.267763883141
2018-05-24,10203.987484256659
2018-05-25,10206.897864637955
2018-05-29,10190.956703303862
2018-05-30,10255.065208084783
2018-05-31,10222.325272390552
2018-06-01,10294.747384332415
2018-06-04,10326.306337441265
2018-06-05,10347.802598664795
2018-06-06,10384.336196975186
2018-06-07,10378.162486381085
2018-06-08,10385.648986374003
2018-06-11,10397.603123318142
2018-06-12,10416.449671173277
2018-06-13,10405.066418328757
2018-06-14,10466.025444082145
2018-06-15,10434.332764728404
2018-06-18,10420.055440212203
2018-06-19,10404.68685119699
2018-06-20,10411.069468419157
2018-06-21,10366.949387646726
2018-06-22,10369.940305005268
2018-06-25,10244.151605896552
2018-06-26,10263.277262305506
2018-06-27,10200.886805964637
2018-06-28,10247.945566953505
2018-06-29,10258.788780893758
2018-07-02,10276.286690808822
2018-07-03,10247.509819450757
2018-07-05,10328.440663086029
2018-07-06,10416.69077959149
2018-07-09,10471.460778817545
2018-07-10,10486.732822584338
2018-07-11,10436.790067052136
2018-07-12,10532.769945536209
2018-07-13,10539.425964747408
2018-07-16,10518.7907529776
2018-07-17,10539.682842887583
2018-07-18,10534.390437192518
2018-07-19,10511.516877014927
2018-07-20,10487.021442218456
2018-07-23,10473.92234400176
2018-07-24,10515.51608400111
2018-07-25,10597.91734865722
2018-07-26,10527.396812678431
2018-07-27,10460.313533755407
2018-07-30,10385.30883077156
2018-07-31,10444.02034986355
2018-08-01,10424.268027835915
2018-08-02,10486.913332128255
2018-08-03,10528.620958526544
2018-08-06,10558.486405771799
2018-08-07,10575.401480917828
2018-08-08,10582.554657755012
2018-08-09,10591.105564850652
2018-08-10,10553.363602637497
2018-08-13,10513.762005320148
2018-08-14,10556.672158052228
2018-08-15,10481.140466514227
2018-08-16,10524.392154470168
2018-08-17,10552.283734036593
2018-08-20,10577.90134477462
2018-08-21,10595.454941060478
2018-08-22,10615.998945323803
2018-08-23,10599.070579740719
2018-08-24,10676.814849445616
2018-08-27,10734.982236196618
2018-08-28,10720.359081190392
2018-08-29,10788.280456276892
2018-08-30,10764.435287865985
2018-08-31,10762.539461013439
2018-09-04,10723.342748961446
2018-09-05,10668.240688923464
2018-09-06,10636.697400840765
2018-09-07,10595.179042082935
2018-09-10,10620.332932999198
2018-09-11,10643.377287611755
2018-09-12,10648.946842918476
2018-09-13,10707.658982267643
2018-09-14,10681.78135765649
2018-09-17,10618.58411948282
2018-09-18,10644.178272355703
2018-09-19,10637.694930195668
2018-09-20,10720.958747153943
2018-09-21,10691.219714674648
2018-09-24,10680.268593821645
2018-09-25,10680.160101503425
2018-09-26,10679.010637508089
2018-09-27,10710.076996101667
2018-09-28,10710.96613667958
2018-10-01,10714.890944372117
2018-10-02,10730.617562717893
2018-10-03,10694.916484967607
2018-10-04,10585.35979659199
2018-10-05,10507.621878932
2018-10-08,10469.67568147084
2018-10-09,10495.484446155315
2018-10-10,10220.971324440792
2018-10-11,10144.00286699168
2018-10-12,10273.165845274372
2018-10-15,10218.747385838029
2018-10-16,10400.191884915841
2018-10-17,10389.74274832628
2018-10-18,10257.906883811367
2018-10-19,10249.1332709044
2018-10-22,10241.193108104007
2018-10-23,10221.543458090178
2018-10-24,9975.12715045242
2018-10-25,10139.673921990903
2018-10-26,10005.563983895836
2018-10-29,9913.145885957325
2018-10-30,10006.717848268243
2018-10-31,10104.249462320473
2018-11-01,10202.102584837494
2018-11-02,10105.06694228915
2018-11-05,10125.364262753597
2018-11-06,10169.872273810854
2018-11-07,10355.291760932816
2018-11-08,10325.542656088883
2018-11-09,10236.820333236194
2018-11-12,10073.416481039381
2018-11-13,10067.538430134782
2018-11-14,10026.525761985074
2018-11-15,10121.261077805655
2018-11-16,10140.344219375565
2018-11-19,9979.032634244757
2018-11-20,9852.28520453729
2018-11-21,9889.118867240903
2018-11-23,9842.535719539517
2018-11-26,9968.79712012565
2018-11-27,9988.617835989719
2018-11-28,10171.061612631667
2018-11-29,10163.395870940067
2018-11-30,10216.149755648796
2018-12-03,10346.023284937854
2018-12-04,10133.828193857877
2018-12-06,10155.681293999272
2018-12-07,9972.719599435673
2018-12-10,10016.406144274306
2018-12-11,10025.74033889041
2018-12-12,10065.59882918966
2018-12-13,10058.16289821002
2018-12-14,9913.366707685429
2018-12-17,9786.589406734473
2018-12-18,9814.806727140243
2018-12-19,9703.66460077003
2018-12-20,9606.191206491545
2018-12-21,9433.63709875054
2018-12-24,9283.456111986614
2018-12-26,9622.289190097496
2018-12-27,9670.649125697628
2018-12-28,9684.347008714112
2018-12-31,9751.656183688116
2019-01-02,9778.388702612561
2019-01-03,9620.332987337208
2019-01-04,9842.659313073986
2019-01-07,9906.456763852313
2019-01-08,9962.679604424875
2019-01-09,10008.936724721025
2019-01-10,10012.877249269259
2019-01-11,10012.978683886826
2019-01-14,9956.92995642942
2019-01-15,10051.918474870592
2019-01-16,10066.316197695873
2019-01-17,10119.85984112898
2019-01-18,10184.153811715527
2019-01-22,10085.33799135769
2019-01-23,10095.450815269485
2019-01-24,10128.88381919418
2019-01-25,10204.57741097134
2019-01-28,10137.279610021435
2019-01-29,10119.131601352432
2019-01-30,10264.720331705457
2019-01-31,10365.024190253751
2019-02-01,10339.293838036761
2019-02-04,10393.205831582027
2019-02-05,10450.395705627921
2019-02-06,10429.509149780679
2019-02-07,10364.044863555633
2019-02-08,10387.990368321618
2019-02-11,10374.08437939971
2019-02-12,10470.369040524403
2019-02-13,10474.106069805375
2019-02-14,10486.465864706466
2019-02-15,10554.932405837571
2019-02-19,10589.934001302987
2019-02-20,10590.01672984071
2019-02-21,10532.429739531894
2019-02-22,10598.272118504417
2019-02-25,10608.253825415024
2019-02-26,10620.797822464323
2019-02-27,10585.36388364962
2019-02-28,10557.009645008773
2019-03-01,10567.83969966986
2019-03-04,10566.79970587805
2019-03-05,10569.222885832633
2019-03-06,10532.43712778107
2019-03-07,10471.210712082735
2019-03-08,10478.352528394253
2019-03-11,10593.188218946068
2019-03-12,10647.897242001172
2019-03-13,10703.523722245298
2019-03-14,10667.518140434382
2019-03-15,10737.29279991751
2019-03-18,10759.913972651102
2019-03-19,10770.032078878097
2019-03-20,10799.393001893492
2019-03-21,10899.234347268535
2019-03-22,10779.92770285025
2019-03-25,10782.240901497735
2019-03-26,10822.548807407482
2019-03-27,10793.318341172755
2019-03-28,10809.403023417546
2019-03-29,10860.14284308158
2019-04-01,10919.696953377324
2019-04-02,10942.335534294783
2019-04-03,10947.501370649587
2019-04-04,10966.859848052747
2019-04-05,11006.772091800409
2019-04-08,11015.503841132248
2019-04-09,10994.02815291058
2019-04-10,11035.442408689007
2019-04-11,10999.283131033424
2019-04-12,11026.56695081075
2019-04-15,11027.703163044549
2019-04-16,11018.292862563854
2019-04-17,11017.827485555603
2019-04-18,11043.104627707671
2019-04-22,11045.680075964252
2019-04-23,11129.952864643596
2019-04-24,11130.95031002826
2019-04-25,11139.441731600527
2019-04-26,11178.147789496463
2019-04-29,11172.427712400746
2019-04-30,11163.6035040231
2019-05-01,11121.102195209127
2019-05-02,11082.178066245722
2019-05-03,11191.440562407612
2019-05-06,11160.099310316167
2019-05-07,11041.128625857551
2019-05-08,11014.3598361596
2019-05-09,10994.911810046653
2019-05-10,11020.204710234037
2019-05-13,10823.265843795389
2019-05-14,10889.834127625418
2019-05-15,10974.246853784669
2019-05-16,11032.788948495514
2019-05-17,10967.53867627562
2019-05-20,10878.368830060394
2019-05-21,10945.707979072808
2019-05-22,10929.097091804108
2019-05-23,10858.548182502875
2019-05-24,10869.791962821506
2019-05-28,10828.528914590503
2019-05-29,10779.662178660616
2019-05-30,10830.886155243978
2019-05-31,10762.38602336832
2019-06-03,10710.280329767384
2019-06-04,10869.663812907827
2019-06-05,10922.05448311843
2019-06-06,10987.110648008196
2019-06-07,11119.954820775441
2019-06-10,11147.246164863436
2019-06-11,11150.763286896507
2019-06-12,11131.051722626593
2019-06-13,11183.681859664928
2019-06-14,11169.747146131724
2019-06-17,11194.828979144751
2019-06-18,11307.40678180795
2019-06-19,11340.449664205706
2019-06-20,11449.968905714564
2019-06-21,11420.65793798013
2019-06-24,11449.165334634812
2019-06-25,11354.598773702
2019-06-26,11340.969116212867
2019-06-27,11384.934292122633
2019-06-28,11414.306002001384
2019-07-01,11474.518654741607
2019-07-02,11542.321601235184
2019-07-03,11623.655182287654
2019-07-05,11567.468482641176
2019-07-08,11513.408422028164
2019-07-09,11539.610632789712
2019-07-10,11601.673572657784
2019-07-11,11569.248410466818
2019-07-12,11619.891160495366
2019-07-15,11645.99217040069
2019-07-16,11596.17969451029
2019-07-17,11591.640673552092
2019-07-18,11629.135796239425
2019-07-19,11555.142448951212
2019-07-22,11598.298158040756
2019-07-23,11635.025804192997
2019-07-24,11697.420290956055
2019-07-25,11622.348096090636
2019-07-26,11696.801416100401
2019-07-29,11684.743414018536
2019-07-30,11667.734922101417
2019-07-31,11571.728372984559
2019-08-01,11587.92598228065
2019-08-02,11518.835989430623
2019-08-05,11314.101321064867
2019-08-06,11452.361790682206
2019-08-07,11491.84420057577
2019-08-08,11667.774161772768
2019-08-09,11594.547711119558
2019-08-12,11557.769288634301
2019-08-13,11690.844026477687
2019-08-14,11508.436383093636
2019-08-15,11549.881981035707
2019-08-16,11647.765743416128
2019-08-19,11712.531087254743
2019-08-20,11682.769645678172
2019-08-21,11732.634714216862
2019-08-22,11701.245894500487
2019-08-23,11531.31054937562
2019-08-26,11625.405183646084
2019-08-27,11646.753420787707
2019-08-28,11691.780489242632
2019-08-29,11787.910228795366
2019-08-30,11774.960475236256
2019-09-03,11732.552535247969
2019-09-04,11847.462220897229
2019-09-05,11902.146736118406
2019-09-06,11909.078299488756
2019-09-09,11857.258176626834
2019-09-10,11794.195749616496
2019-09-11,11863.926045194636
2019-09-12,11882.056449826125
2019-09-13,11805.57745400274
2019-09-16,11815.117346756984
2019-09-17,11859.252910939193
2019-09-18,11863.224054943996
2019-09-19,11880.767295700907
2019-09-20,11866.043247891688
2019-09-23,11872.637520034583
2019-09-24,11822.968215901014
2019-09-25,11834.240548792653
2019-09-26,11826.197293425035
2019-09-27,11756.413885694095
2019-09-30,11799.304517075088
2019-10-01,11727.854267276718
2019-10-02,11603.911631292734
2019-10-03,11706.573187410573
2019-10-04,11838.940189790568
2019-10-07,11778.06692035386
2019-10-08,11668.635348323649
2019-10-09,11735.018321638236
2019-10-10,11748.829911909766
2019-10-11,11807.350095343214
2019-10-14,11823.593118314637
2019-10-15,11878.696029297877
2019-10-16,11871.922234893107
2019-10-17,11891.259723379417
2019-10-18,11834.888384225305
2019-10-21,11875.014859787507
2019-10-22,11848.497765033648
2019-10-23,11874.312357330295
2019-10-24,11920.411611640591
2019-10-25,11959.629816991355
2019-10-28,11989.945191502462
2019-10-29,11958.915258446412
2019-10-30,12032.541390829
2019-10-31,12065.867407693542
2019-11-01,12137.127133215417
2019-11-04,12143.714163537992
2019-11-05,12093.381096806475
2019-11-06,12106.15301491116
2019-11-07,12072.706039861418
2019-11-08,12081.22738495702
2019-11-11,12065.848533859962
2019-11-12,12100.808375489325
2019-11-13,12123.823698260281
2019-11-14,12158.138174322752
2019-11-15,12214.41345978632
2019-11-18,12228.961584845378
2019-11-19,12253.96904740077
2019-11-20,12239.668277467063
2019-11-21,12201.594520216013
2019-11-22,12215.64904572747
2019-11-25,12298.223177477881
2019-11-26,12336.710887656875
2019-11-27,12370.866562795864
2019-11-29,12337.9828975395
2019-12-02,12224.634764198574
2019-12-03,12226.09078785219
2019-12-04,12248.75527352208
2019-12-05,12253.614097876161
2019-12-06,12311.983641176816
2019-12-09,12284.724013339226
2019-12-10,12279.834145700439
2019-12-11,12341.052448439397
2019-12-12,12366.258490767212
2019-12-13,12415.586859334375
2019-12-16,12464.6845586902
2019-12-17,12464.21583269693
2019-12-18,12447.001823114753
2019-12-19,12497.958633540775
2019-12-20,12539.543774743872
2019-12-23,12557.338871529655
2019-12-24,12578.4728738167
2019-12-26,12654.50408382478
2019-12-27,12652.379458806017
2019-12-30,12593.052646704113
2019-12-31,12590.124974966127
2020-01-02,12737.975677852093
2020-01-03,12720.526112845018
2020-01-06,12763.421273474014
2020-01-07,12741.010083668245
2020-01-08,12770.49696111649
2020-01-09,12839.34678107492
2020-01-10,12845.283963322181
2020-01-13,12907.755182650159
2020-01-14,12896.763751286955
2020-01-15,12934.632267414
2020-01-16,13004.68086565541
2020-01-17,13020.345324352562
2020-01-21,13037.175538263142
2020-01-22,13057.744809749334
2020-01-23,13097.556793061482
2020-01-24,13046.74111817289
2020-01-27,12931.733894437903
2020-01-28,13013.731821900688
2020-01-29,13048.278943330783
2020-01-30,13079.609774455692
2020-01-31,12953.84608511829
2020-02-03,13040.541091016397
2020-02-04,13157.497149354198
2020-02-05,13204.133814062949
2020-02-06,13275.114290102285
2020-02-07,13266.32917583449
2020-02-10,13364.801988681731
2020-02-11,13356.685473292031
2020-02-12,13415.52092936827
2020-02-13,13422.571057917829
2020-02-14,13460.066328748917
2020-02-18,13483.4310520272
2020-02-19,13555.66832490894
2020-02-20,13522.414141110503
2020-02-21,13434.363093708766
2020-02-24,13152.900661676498
2020-02-25,12876.675697963205
2020-02-26,12869.629061336385
2020-02-27,12473.275363190529
2020-02-28,12466.040953983915
2020-03-02,12863.517301050688
2020-03-03,12672.821228813214
2020-03-04,13019.824595160639
2020-03-05,12820.974125512856
2020-03-06,12805.238185200185
2020-03-09,12209.905861693618
2020-03-10,12511.140515884885
2020-03-11,12007.175205196532
2020-03-12,11184.35142248015
2020-03-13,11766.3151677571
2020-03-16,10967.413432558329
2020-03-17,11322.410573534702
2020-03-18,10839.478794901634
2020-03-19,10906.739635886412
2020-03-20,10770.93134943171
2020-03-23,10799.46708582334
2020-03-24,11453.943838748422
2020-03-25,11476.20267256343
2020-03-26,11951.55394098097
2020-03-27,11741.928712578017
2020-03-30,12008.429732269182
2020-03-31,11848.331468225586
2020-04-01,11528.412662898007
2020-04-02,11738.544180275201
2020-04-03,11632.077526669973
2020-04-06,12220.239668756109
2020-04-07,12191.5911267486
2020-04-08,12404.345811951494
2020-04-09,12522.144509215224
2020-04-13,12515.596835267012
2020-04-14,12835.777044871584
2020-04-15,12743.967176394488
2020-04-16,12866.139259693404
2020-04-17,12982.620119652696
2020-04-20,12875.137571918987
2020-04-21,12599.87786199422
2020-04-22,12822.94214937951
2020-04-23,12840.747367064108
2020-04-24,12973.617542744763
2020-04-27,13022.833376066834
2020-04-28,12949.472811875376
2020-04-29,13216.561530881323
2020-04-30,13110.899842603558
2020-05-01,12891.74990217674
2020-05-04,12943.45029208781
2020-05-05,13024.226743109584
2020-05-06,12954.19232827119
2020-05-07,13129.928232241113
2020-05-08,13228.781794811088
2020-05-11,13236.444048912155
2020-05-12,13080.091891246351
2020-05-13,12969.336150653062
2020-05-14,13112.454292454015
2020-05-15,13162.756025404653
2020-05-18,13328.953390655774
2020-05-19,13287.002651330557
2020-05-20,13467.995647028289
2020-05-21,13373.89844702949
2020-05-22,13421.912655155125
2020-05-26,13422.111485702626
2020-05-27,13521.459300900333
2020-05-28,13500.773602093537
2020-05-29,13613.401633897729
2020-06-01,13635.595971801413
2020-06-02,13689.453041265197
2020-06-03,13719.13624222814
2020-06-04,13650.57039289488
2020-06-05,13824.583710104713
2020-06-08,13949.197304511363
2020-06-09,13983.048971230512
2020-06-10,14063.681992731485
2020-06-11,13573.342088492682
2020-06-12,13646.474858963724
2020-06-15,13746.328616583674
2020-06-16,13880.147641646909
2020-06-17,13884.396824422172
2020-06-18,13924.489575064144
2020-06-19,13909.56694551913
2020-06-22,14004.635769664605
2020-06-23,14058.831397406917
2020-06-24,13853.690308715759
2020-06-25,13959.816448240237
2020-06-26,13764.405763235423
2020-06-29,13882.44253649224
2020-06-30,14027.892690823724
2020-07-01,14104.58104847948
2020-07-02,14170.35195271097
2020-07-06,14359.24365882736
2020-07-07,14319.756199331981
2020-07-08,14417.606033621169
2020-07-09,14463.218967787469
2020-07-10,14533.629168256428
2020-07-13,14405.017585437987
2020-07-14,14521.133610170591
2020-07-15,14571.091075654875
2020-07-16,14522.140101543428
2020-07-17,14549.906119435105
2020-07-20,14734.944303280608
2020-07-21,14720.941797059268
2020-07-22,14801.195604981152
2020-07-23,14662.21191784379
2020-07-24,14595.07661078805
2020-07-27,14733.772858280021
2020-07-28,14672.825251175298
2020-07-29,14801.767212974955
2020-07-30,14812.441173811634
2020-07-31,14950.121703740475
2020-08-03,15038.911289604117
2020-08-04,15139.564354516226
2020-08-05,15176.016446305124
2020-08-06,15313.99379294463
2020-08-07,15220.619677694309
2020-08-10,15200.420848688014
2020-08-11,14946.109339639319
2020-08-12,15108.072558040107
2020-08-13,15110.868622612954
2020-08-14,15087.403167619263
2020-08-17,15199.43980472278
2020-08-18,15291.898424384768
2020-08-19,15168.178765049852
2020-08-20,15288.101989234128
2020-08-21,15347.653582945624
2020-08-24,15424.940964452111
2020-08-25,15461.1750134545
2020-08-26,15628.585291977139
2020-08-27,15556.406100564433
2020-08-28,15645.051715328036
2020-08-31,15684.600570540464
2020-09-01,15861.862485306297
2020-09-02,16008.063891308038
2020-09-03,15540.341876284321
2020-09-04,15372.731712163872
2020-09-08,14998.98978483819
2020-09-09,15256.148671705796
2020-09-10,15069.529596202066
2020-09-11,15047.569366889047
2020-09-14,15217.159726262955
2020-09-15,15301.576486788239
2020-09-16,15199.280464116373
2020-09-17,15075.521255542668
2020-09-18,14940.981701219223
2020-09-21,14870.369857390393
2020-09-22,15004.268616643953
2020-09-23,14699.23914266831
2020-09-24,14752.171812995168
2020-09-25,14946.256161270849
2020-09-28,15145.211718760596
2020-09-29,15107.995397639972
2020-09-30,15146.821516960967
2020-10-01,15276.35120997315
2020-10-02,15076.63775014627
2020-10-05,15228.468144692515
2020-10-06,15058.842697384016
2020-10-07,15219.19917885857
2020-10-08,15319.30285001586
2020-10-09,15471.49615479705
2020-10-12,15719.756368615592
2020-10-13,15676.346291858259
2020-10-14,15609.687354061976
2020-10-15,15570.845977408611
2020-10-16,15527.424700007185
2020-10-19,15345.994757581942
2020-10-20,15358.670457366981
2020-10-21,15344.434922825863
2020-10-22,15330.994933217866
2020-10-23,15377.990031597405
2020-10-26,15222.97551861493
2020-10-27,15262.077732940894
2020-10-28,14853.127709474675
2020-10-29,14956.436958688737
2020-10-30,14757.580446880114
2020-11-02,14870.03491700361
2020-11-03,15043.403621374151
2020-11-04,15443.767062395924
2020-11-05,15725.901347235402
2020-11-06,15692.21493070102
2020-11-09,15539.468322953671
2020-11-10,15434.064961041478
2020-11-11,15587.964617173116
2020-11-12,15568.027355266839
2020-11-13,15701.700783410963
2020-11-16,15809.220489736317
2020-11-17,15775.00407125624
2020-11-18,15664.200292097701
2020-11-19,15740.534423615547
2020-11-20,15697.803188092636
2020-11-23,15690.305123506958
2020-11-24,15802.292695719425
2020-11-25,15811.212642948098
2020-11-27,15887.179096901176
2020-11-30,15854.197166218299
2020-12-01,15971.151130787855
2020-12-02,15977.411590305148
2020-12-03,16020.799358087443
2020-12-04,16044.0757591207
2020-12-07,16111.019059747407
2020-12-08,16167.081879226414
2020-12-09,15960.947035974017
2020-12-10,16003.326075231354
2020-12-11,15999.492487210651
2020-12-14,15987.9850854393
2020-12-15,16137.3803270577
2020-12-16,16174.451312044679
2020-12-17,16250.808084042714
2020-12-18,16197.615099504066
2020-12-21,16173.068587599522
2020-12-22,16179.26792021445
2020-12-23,16149.039503427433
2020-12-24,16214.765968717686
2020-12-28,16315.070092787844
2020-12-29,16308.79932540976
2020-12-30,16337.803614215201
2020-12-31,16393.908841509794
2021-01-04,16267.726275095123
2021-01-05,16333.432534032427
2021-01-06,16211.02911017234
2021-01-07,16392.66183614404
2021-01-08,16426.59641383819
2021-01-11,16302.44152131964
2021-01-12,16304.007770746348
2021-01-13,16384.302015668418
2021-01-14,16303.51926189038
2021-01-15,16209.927948301836
2021-01-19,16355.989156092379
2021-01-20,16590.51626196204
2021-01-21,16612.052733669974
2021-01-22,16571.853008825543
2021-01-25,16679.58501231797
2021-01-26,16666.07539013059
2021-01-27,16361.68019819447
2021-01-28,16430.439795441507
2021-01-29,16174.727586823174
2021-02-01,16422.602870229694
2021-02-02,16554.709175288543
2021-02-03,16508.33323764517
2021-02-04,16597.588773846714
2021-02-05,16629.198185893263
2021-02-08,16742.006153216294
2021-02-09,16744.439146981458
2021-02-10,16758.48388223315
2021-02-11,16764.056649380294
2021-02-12,16778.557194238085
2021-02-16,16683.952614351187
2021-02-17,16663.71549403574
2021-02-18,16599.903141972412
2021-02-19,16529.217632684955
2021-02-22,16349.424151497227
2021-02-23,16329.57266116399
2021-02-24,16419.345658672966
2021-02-25,16004.841086653427
2021-02-26,16059.077950197374
2021-03-01,16314.518770288929
2021-03-02,16194.214222161449
2021-03-03,15914.450658321171
2021-03-04,15721.349678365721
2021-03-05,15915.181540677888
2021-03-08,15707.051641092397
2021-03-09,16059.549374691598
2021-03-10,16100.404027932362
2021-03-11,16252.325188907416
2021-03-12,16152.24682745786
2021-03-15,16268.637726649851
2021-03-16,16275.645767947475
2021-03-17,16305.219904262833
2021-03-18,16018.002353967717
2021-03-19,16049.641465210852
2021-03-22,16224.806655777724
2021-03-23,16169.939522979359
2021-03-24,16078.24852579288
2021-03-25,16074.875346176945
2021-03-26,16244.152061902332
2021-03-29,16192.58014612927
2021-03-30,16140.242505940865
2021-03-31,16246.97821323712
2021-04-01,16474.691167732002
2021-04-05,16652.962288328126
2021-04-06,16681.552813265367
2021-04-07,16673.440379772557
2021-04-08,16802.742945903596
2021-04-09,16857.306328053382
2021-04-12,16841.46995560985
2021-04-13,16957.586239102315
2021-04-14,16855.193707134233
2021-04-15,17087.907336715412
2021-04-16,17100.54680724615
2021-04-19,17005.438894221094
2021-04-20,16940.176063169
2021-04-21,17071.38720699705
2021-04-22,16951.119772742662
2021-04-23,17074.193081820074
2021-04-26,17121.441846615442
2021-04-27,17063.533371417707
2021-04-28,17051.504995769938
2021-04-29,17096.25399391809
2021-04-30,17019.85185979267
2021-05-03,17031.47504978197
2021-05-04,16908.130813628377
2021-05-05,16905.771580350138
2021-05-06,17031.762953423793
2021-05-07,17121.332624119408
2021-05-10,16894.311341935085
2021-05-11,16808.16939734702
2021-05-12,16482.79720239751
2021-05-13,16612.10396450002
2021-05-14,16870.374481279592
2021-05-17,16834.99620348848
2021-05-18,16737.543217502007
2021-05-19,16718.807882618974
2021-05-20,16922.92349291947
2021-05-21,16900.903153826694
2021-05-24,17070.594892243276
2021-05-25,17109.646124816307
2021-05-26,17132.238080821775
2021-05-27,17103.500153102377
2021-05-28,17132.94302369947
2021-06-01,17104.4436985446
2021-06-02,17141.511160735405
2021-06-03,17016.121821244542
2021-06-04,17229.95558781946
2021-06-07,17234.986588582913
2021-06-08,17257.804018936786
2021-06-09,17275.90074059513
2021-06-10,17390.17528064664
2021-06-11,17390.130144478946
2021-06-14,17418.867536626924
2021-06-15,17361.184457721974
2021-06-16,17271.110024192836
2021-06-17,17333.233819917703
2021-06-18,17254.471380973457
2021-06-21,17348.80131973017
2021-06-22,17435.620230342196
2021-06-23,17419.63644100263
2021-06-24,17497.711399012085
2021-06-25,17485.58085668627
2021-06-28,17599.32575248186
2021-06-29,17609.617920227796
2021-06-30,17631.44293788108
2021-07-01,17678.84435948345
2021-07-02,17826.7052543077
2021-07-06,17887.463491156253
2021-07-07,17962.575521767896
2021-07-08,17884.390288617342
2021-07-09,17949.89163127205
2021-07-12,17989.758202775178
2021-07-13,17940.03257844292
2021-07-14,18020.45565717378
2021-07-15,17997.939141431543
2021-07-16,17873.487957886486
2021-07-19,17804.470640030868
2021-07-20,17931.939650082204
2021-07-21,17979.447634720018
2021-07-22,18067.67144073082
2021-07-23,18175.48458734999
2021-07-26,18182.54195119672
2021-07-27,18131.128455870552
2021-07-28,18158.440023864972
2021-07-29,18198.268663059513
2021-07-30,18137.231152739696
2021-08-02,18152.569299667026
2021-08-03,18245.29271905389
2021-08-04,18225.235841716654
2021-08-05,18280.30299691278
2021-08-06,18161.6089195767
2021-08-09,18120.52732928448
2021-08-10,18085.5020274751
2021-08-11,18116.868137468347
2021-08-12,18152.682715755076
2021-08-13,18268.36609320703
2021-08-16,18305.915664848842
2021-08-17,18205.332138246125
2021-08-18,18086.712209384677
2021-08-19,18145.468450270877
2021-08-20,18263.001312759367
2021-08-23,18429.02221832509
2021-08-24,18428.073644560885
2021-08-25,18406.491615813495
2021-08-26,18340.2489181603
2021-08-27,18511.840172474393
2021-08-30,18607.250740849708
2021-08-31,18570.081486455016
2021-09-01,18589.592912539974
2021-09-02,18621.134008454017
2021-09-03,18622.550786531785
2021-09-07,18535.935656617712
2021-09-08,18528.137089481792
2021-09-09,18530.328314796443
2021-09-10,18387.648431160913
2021-09-13,18431.12570808793
2021-09-14,18432.177159726474
2021-09-15,18511.130730675657
2021-09-16,18444.33383516321
2021-09-17,18286.298575220582
2021-09-20,18109.399768597825
2021-09-21,18118.203455196344
2021-09-22,18254.514336014654
2021-09-23,18290.184500942338
2021-09-24,18269.28496835271
2021-09-27,18195.000155958478
2021-09-28,17819.51102392407
2021-09-29,17820.897187067298
2021-09-30,17745.673744156084
2021-10-01,17896.914728910262
2021-10-04,17691.160501606777
2021-10-05,17794.029356672076
2021-10-06,17882.650578928526
2021-10-07,17946.887575114717
2021-10-08,17882.59200421266
2021-10-11,17777.205711866627
2021-10-12,17809.925474962223
2021-10-13,17944.679833084636
2021-10-14,18182.283332843665
2021-10-15,18221.955731440223
2021-10-18,18311.074096410033
2021-10-19,18364.516132009496
2021-10-20,18377.483031589174
2021-10-21,18424.294386875707
2021-10-22,18422.06695761047
2021-10-25,18525.27928172483
2021-10-26,18566.37725971202
2021-10-27,18618.83669282791
2021-10-28,18739.68255375906
2021-10-29,18778.057116674125
2021-11-01,18793.001374727522
2021-11-02,18859.612975913788
2021-11-03,18911.069740276685
2021-11-04,19080.640460388335
2021-11-05,19194.58444102225
2021-11-08,19193.0328077908
2021-11-09,19187.453291250204
2021-11-10,18991.782469797945
2021-11-11,19015.03910717072
2021-11-12,19119.364949797306
2021-11-15,19069.70033862739
2021-11-16,19117.13463483568
2021-11-17,19149.360878982716
2021-11-18,19243.15384416521
2021-11-19,19287.498343973286
2021-11-22,19110.11837104517
2021-11-23,19022.32865460529
2021-11-24,19120.281007444075
2021-11-26,18934.49336507189
2021-11-29,19117.628593137786
2021-11-30,18929.877055891568
2021-12-01,18780.063995577253
2021-12-02,18930.013915275118
2021-12-03,18826.47465028849
2021-12-06,18904.569547829014
2021-12-07,19207.933372808697
2021-12-08,19188.695143419332
2021-12-09,19061.909148527553
2021-12-10,19194.692810987388
2021-12-13,19105.06505813602
2021-12-14,18966.210095111463
2021-12-15,19186.105823067166
2021-12-16,18995.12433643174
2021-12-17,18924.808948639406
2021-12-20,18752.879151930287
2021-12-21,18996.934996824886
2021-12-22,19177.75615938649
2021-12-23,19239.90037693276
2021-12-27,19458.09207279238
2021-12-28,19400.867970940708
2021-12-29,19366.963069708752
2021-12-30,19374.56616547543
2021-12-31,19339.572880344567
2022-01-03,19308.93253692698
2022-01-04,19229.378601447755
2022-01-05,18877.795871084774
2022-01-06,18853.382611718425
2022-01-07,18743.77489552474
2022-01-10,18753.06773981418
2022-01-11,18953.511580411596
2022-01-12,18987.042980181177
2022-01-13,18767.17510265037
2022-01-14,18743.163329450246
2022-01-18,18414.558606272993
2022-01-19,18332.13865952451
2022-01-20,18197.57642415966
2022-01-21,17940.702984179403
2022-01-24,17976.195613712072
2022-01-25,17763.337298030125
2022-01-26,17665.48885929739
2022-01-27,17619.32062339439
2022-01-28,17956.139040064754
2022-01-31,18249.83838282735
2022-02-01,18325.813657590505
2022-02-02,18460.75231887034
2022-02-03,18031.19717766778
2022-02-04,18082.968538045407
2022-02-07,18031.842834855128
2022-02-08,18133.36458405882
2022-02-09,18367.791955423927
2022-02-10,18045.727772887643
2022-02-11,17819.561447081804
2022-02-14,17768.07902053176
2022-02-15,17958.008838791044
2022-02-16,18004.452661757154
2022-02-17,17741.349489668246
2022-02-18,17670.746712707198
2022-02-22,17554.54423345991
2022-02-23,17254.614926527942
2022-02-24,17523.571474499677
2022-02-25,17756.475536298003
2022-02-28,17850.417335411803
2022-03-01,17733.37482882801
2022-03-02,17813.445683224363
2022-03-03,17748.5235417015
2022-03-04,17703.235658253598
2022-03-07,17297.909628996804
2022-03-08,17233.852027664965
2022-03-09,17519.808967571593
2022-03-10,17384.9251846663
2022-03-11,17187.762077935295
2022-03-14,16932.320267499494
2022-03-15,17203.00838779925
2022-03-16,17591.509524007033
2022-03-17,17725.811953265715
2022-03-18,17940.027722773488
2022-03-21,17853.58698994526
2022-03-22,17983.722266730343
2022-03-23,17916.93555603037
2022-03-24,18129.377746074315
2022-03-25,18102.530196657215
2022-03-28,18236.066432865704
2022-03-29,18448.81313845476
2022-03-30,18385.731287955874
2022-03-31,18213.81443007301
2022-04-01,18226.33629685878
2022-04-04,18384.86739248691
2022-04-05,18074.921864777054
2022-04-06,17859.871803146085
2022-04-07,17888.46356003321
2022-04-08,17766.770499853108
2022-04-11,17471.786677984775
2022-04-12,17432.339423474605
2022-04-13,17633.94253263125
2022-04-14,17348.620689576765
2022-04-18,17343.604335722826
2022-04-19,17519.693766860015
2022-04-20,17516.93937409941
2022-04-21,17271.277352404795
2022-04-22,16907.501226993867
2022-04-25,17015.30217212343
2022-04-26,16662.370929746074
2022-04-27,16619.789509038186
2022-04-28,16978.714342056443
2022-04-29,16454.28011243711
2022-05-02,16488.763896636912
2022-05-03,16550.878907345395
2022-05-04,16954.870896314926
2022-05-05,16358.276668648528
2022-05-06,16214.924847135084
2022-05-09,15821.981674651608
2022-05-10,15909.60932419797
2022-05-11,15741.272439357661
2022-05-12,15693.522088724763
2022-05-13,15958.964387262267
2022-05-16,15889.483339038941
2022-05-17,16095.315938364014
2022-05-18,15668.22329043092
2022-05-19,15635.188695751858
2022-05-20,15659.92299247135
2022-05-23,15810.985153981785
2022-05-24,15736.146013256104
2022-05-25,15860.779918903076
2022-05-26,16102.09895972751
2022-05-27,16426.58701762738
2022-05-31,16290.869069885151
2022-06-01,16208.668601510668
2022-06-02,16486.926819294145
2022-06-03,16226.178432517949
2022-06-06,16195.153824521058
2022-06-07,16344.739076984053
2022-06-08,16207.894217993355
2022-06-09,15929.107818675497
2022-06-10,15577.415465760121
2022-06-13,14984.642910360499
2022-06-14,14924.948275061626
2022-06-15,15197.036979458691
2022-06-16,14853.126392888898
2022-06-17,14917.476375474193
2022-06-21,15124.443421632826
2022-06-22,15196.070324972834
2022-06-23,15339.202621098415
2022-06-24,15647.951442276071
2022-06-27,15561.188024203186
2022-06-28,15303.710012338177
2022-06-29,15349.535525186244
2022-06-30,15260.170854284182
2022-07-01,15385.015568195517
2022-07-05,15467.198619968902
2022-07-06,15441.39973425549
2022-07-07,15606.717631189169
2022-07-08,15573.555061491705
2022-07-11,15447.941104850015
2022-07-12,15360.983910305045
2022-07-13,15361.798099811323
2022-07-14,15316.685702935276
2022-07-15,15531.250371514749
2022-07-18,15409.626679194203
2022-07-19,15705.39194790562
2022-07-20,15813.616113308217
2022-07-21,16023.08474562964
2022-07-22,15937.198846136467
2022-07-25,15882.16003449052
2022-07-26,15713.93089097419
2022-07-27,16074.713051799921
2022-07-28,16247.692315437826
2022-07-29,16427.072681004644
2022-08-01,16493.079881239897
2022-08-02,16355.210847491293
2022-08-03,16646.764837505852
2022-08-04,16692.037918752547
2022-08-05,16541.6079176362
2022-08-08,16585.30077376354
2022-08-09,16494.81862642874
2022-08-10,16745.82707839963
2022-08-11,16634.825786193465
2022-08-12,16893.676071400914
2022-08-15,16937.817279689374
2022-08-16,16950.310820067996
2022-08-17,16797.83769689557
2022-08-18,16830.06822757158
2022-08-19,16574.6406111063
2022-08-22,16283.534679209748
2022-08-23,16257.198626787935
2022-08-24,16273.143823614204
2022-08-25,16501.70274596626
2022-08-26,16080.186148160945
2022-08-29,15964.498178367428
2022-08-30,15835.67978022144
2022-08-31,15717.348332534422
2022-09-01,15667.75708002353
2022-09-02,15566.788592146138
2022-09-06,15423.549377375912
2022-09-07,15692.324233736104
2022-09-08,15716.146696601036
2022-09-09,15932.169639309042
2022-09-12,16039.364606349809
2022-09-13,15483.124272332583
2022-09-14,15548.28981009882
2022-09-15,15368.942108229743
2022-09-16,15276.75557836659
2022-09-19,15368.143818984083
2022-09-20,15221.416945911062
2022-09-21,15091.512339708106
2022-09-22,14907.097180380106
2022-09-23,14720.801007517319
2022-09-26,14570.885461308992
2022-09-27,14484.014568917897
2022-09-28,14811.54469181479
2022-09-29,14544.071166822316
2022-09-30,14342.662657807961
2022-10-03,14675.519344386661
2022-10-04,15008.671428798873
2022-10-05,14955.287766560803
2022-10-06,14839.943578497883
2022-10-07,14459.646786704654
2022-10-10,14305.181330360776
2022-10-11,14219.70386486884
2022-10-12,14221.041442844407
2022-10-13,14434.165874302098
2022-10-14,14130.634176645413
2022-10-17,14406.167188401398
2022-10-18,14517.907220428911
2022-10-19,14388.556391090537
2022-10-20,14266.807262252822
2022-10-21,14479.853914186227
2022-10-24,14569.887380504795
2022-10-25,14841.522141539524
2022-10-26,14750.621463249257
2022-10-27,14667.154544574718
2022-10-28,14906.237244035021
2022-10-31,14777.754486437016
2022-11-01,14749.29075704278
2022-11-02,14426.472029340504
2022-11-03,14261.446122564905
2022-11-04,14408.229490476198
2022-11-07,14476.42430423269
2022-11-08,14604.412222518935
2022-11-09,14385.230141385644
2022-11-10,15174.366379336832
2022-11-11,15315.898241721177
2022-11-14,15219.413403839328
2022-11-15,15389.122184119664
2022-11-16,15342.921413571752
2022-11-17,15270.452383233682
2022-11-18,15266.815475267143
2022-11-21,15201.830237553706
2022-11-22,15394.274065091153
2022-11-23,15542.72846352009
2022-11-25,15501.458529329302
2022-11-28,15330.765117611707
2022-11-29,15257.040632370496
2022-11-30,15699.873972832333
2022-12-01,15830.20760069504
2022-12-02,15838.327577898055
2022-12-05,15573.068911884313
2022-12-06,15430.85054282938
2022-12-07,15488.117128005912
2022-12-08,15584.453875607167
2022-12-09,15432.514431338304
2022-12-12,15576.741972557944
2022-12-13,15730.82941828764
2022-12-14,15665.224056126179
2022-12-15,15340.746106891274
2022-12-16,15203.506784626965
2022-12-19,15032.455713648878
2022-12-20,15008.732429026019
2022-12-21,15168.875121120982
2022-12-22,14952.064485983501
2022-12-23,14957.200045859676
2022-12-27,14823.626164629075
2022-12-28,14667.072865930446
2022-12-29,14921.440442274734
2022-12-30,14876.81500008123
2023-01-03,14890.82711470535
2023-01-04,15012.907947088459
2023-01-05,14867.722601919326
2023-01-06,15209.730871373407
2023-01-09,15255.429612900472
2023-01-10,15292.074785897134
2023-01-11,15497.460514453107
2023-01-12,15624.087774529975
2023-01-13,15670.046386235654
2023-01-17,15637.588263504067
2023-01-18,15549.139701269474
2023-01-19,15463.243506210318
2023-01-20,15650.128482956054
2023-01-23,15817.778155717804
2023-01-24,15852.515664486486
2023-01-25,15859.324892406512
2023-01-26,15992.691174724245
2023-01-27,16044.847988457102
2023-01-30,15851.156656017525
2023-01-31,16046.755497082908
2023-02-01,16276.706070905977
2023-02-02,16517.167627215465
2023-02-03,16268.250276127623
2023-02-06,16166.484987434222
2023-02-07,16327.081255487457
2023-02-08,16188.15099979906
2023-02-09,16045.612605271137
2023-02-10,15996.151093630699
2023-02-13,16166.921377976676
2023-02-14,16193.557937381698
2023-02-15,16205.473714676269
2023-02-16,15977.74902167614
2023-02-17,15957.585321102017
2023-02-21,15648.198081253264
2023-02-22,15662.959200144867
2023-02-23,15767.107861229946
2023-02-24,15568.19257573708
2023-02-27,15637.585605110795
2023-02-28,15629.737533047077
2023-03-01,15543.49985710826
2023-03-02,15601.968966037673
2023-03-03,15891.146551731481
2023-03-06,15868.301655841875
2023-03-07,15704.337062798337
2023-03-08,15740.464167387616
2023-03-09,15565.717263665389
2023-03-10,15551.218626301616
2023-03-13,15619.712706971472
2023-03-14,15770.260841222542
2023-03-15,15828.840014417543
2023-03-16,16043.539059785413
2023-03-17,16040.633130731125
2023-03-20,16091.796327843826
2023-03-21,16187.23584039795
2023-03-22,16081.545523639106
2023-03-23,16176.308119493786
2023-03-24,16232.109488347614
2023-03-27,16119.600107304675
2023-03-28,16098.512319570476
2023-03-29,16265.71428894432
2023-03-30,16379.670651208631
2023-03-31,16594.276792056855
2023-04-03,16635.03471696075
2023-04-04,16628.833757540546
2023-04-05,16595.608691450987
2023-04-06,16651.817876106896
2023-04-10,16589.805108322398
2023-04-11,16576.96879200916
2023-04-12,16510.70003874193
2023-04-13,16691.782230645327
2023-04-14,16605.96223510842
2023-04-17,16587.11520169276
2023-04-18,16610.013910012505
2023-04-19,16595.421674795878
2023-04-20,16556.15178108399
2023-04-21,16531.498330808998
2023-04-24,16565.070763722957
2023-04-25,16423.28621736309
2023-04-26,16381.402728661924
2023-04-27,16613.058365134406
2023-04-28,16758.204480894234
2023-05-01,16641.501245270756
2023-05-02,16638.197431850167
2023-05-03,16592.5336852747
2023-05-04,16506.840070520324
2023-05-05,16697.518885994894
2023-05-08,16666.95488393261
2023-05-09,16605.937283503168
2023-05-10,16721.040263796905
2023-05-11,16746.732485905235
2023-05-12,16689.040860103258
2023-05-15,16708.184968947895
2023-05-16,16638.275169269582
2023-05-17,16764.017234907224
2023-05-18,16875.433636086786
2023-05-19,16847.042086273657
2023-05-22,16850.80851021506
2023-05-23,16722.807988625027
2023-05-24,16618.56609342962
2023-05-25,16773.196652283234
2023-05-26,17022.45143166239
2023-05-30,17092.758154858835
2023-05-31,17058.11738451081
2023-06-01,17208.920372400193
2023-06-02,17284.087823746035
2023-06-05,17278.462074989173
2023-06-06,17314.898999440273
2023-06-07,17130.624778376245
2023-06-08,17298.57330423008
2023-06-09,17321.43605200835
2023-06-12,17480.770677092773
2023-06-13,17519.74525335112
2023-06-14,17595.30072285854
2023-06-15,17791.62819516982
2023-06-16,17717.24420748844
2023-06-20,17679.04899005539
2023-06-21,17576.537857732845
2023-06-22,17604.270278588832
2023-06-23,17538.634143128005
2023-06-26,17446.221925933238
2023-06-27,17595.60001220237
2023-06-28,17620.399673529504
2023-06-29,17572.0998142996
2023-06-30,17789.496853378125
2023-07-03,17792.077998840265
2023-07-05,17741.25441650698
2023-07-06,17589.68047133551
2023-07-07,17546.415548138895
2023-07-10,17571.883965852023
2023-07-11,17667.34189860165
2023-07-12,17854.40025829246
2023-07-13,18040.84110969483
2023-07-14,18008.20859671453
2023-07-17,18086.740464439114
2023-07-18,18222.026867463795
2023-07-19,18278.42675989468
2023-07-20,18049.87397923064
2023-07-21,18029.16554677489
2023-07-24,18049.188446669294
2023-07-25,18108.879851558828
2023-07-26,18104.338269369007
2023-07-27,17944.49564027638
2023-07-28,18145.579890701385
2023-07-31,18175.853880067774
2023-08-01,18063.991893493938
2023-08-02,17797.29652555151
2023-08-03,17685.621737077185
2023-08-04,17697.84124659789
2023-08-07,17765.723923254405
2023-08-08,17719.50373611837
2023-08-09,17623.568342734117
2023-08-10,17575.961027251393
2023-08-11,17530.154334702922
2023-08-14,17614.8272783428
2023-08-15,17450.52658186853
2023-08-16,17306.484149313754
2023-08-17,17179.60668648586
2023-08-18,17188.876460614236
2023-08-21,17275.569812781367
2023-08-22,17278.809725555653
2023-08-23,17540.717552115293
2023-08-24,17307.467071221556
2023-08-25,17405.58732889033
2023-08-28,17497.695905814773
2023-08-29,17766.948701649133
2023-08-30,17826.700880046814
2023-08-31,17845.268098137945
2023-09-01,17798.21034927777
2023-09-05,17709.789104080468
2023-09-06,17616.051358912366
2023-09-07,17568.27755602597
2023-09-08,17600.274029105207
2023-09-11,17686.684445822244
2023-09-12,17600.309348892024
2023-09-13,17623.81694745709
2023-09-14,17703.287363043462
2023-09-15,17517.14487279333
2023-09-18,17557.019366551594
2023-09-19,17503.65021249272
2023-09-20,17375.820381541573
2023-09-21,17063.607442916327
2023-09-22,17081.904347393345
2023-09-25,17042.10546639873
2023-09-26,16839.719738960837
2023-09-27,16815.988998224322
2023-09-28,16899.052595830555
2023-09-29,16869.346505407306
2023-10-02,16834.7103293522
2023-10-03,16578.64520348869
2023-10-04,16741.200415314685
2023-10-05,16704.118351354795
2023-10-06,16835.54096843052
2023-10-09,17014.394094939315
2023-10-10,17070.52185102306
2023-10-11,17218.8062963617
2023-10-12,17060.195833657435
2023-10-13,17077.767467338886
2023-10-16,17144.287385860214
2023-10-17,17092.517339315484
2023-10-18,16928.80641447479
2023-10-19,16773.249844491544
2023-10-20,16639.36999823767
2023-10-23,16677.255531655683
2023-10-24,16819.98911214346
2023-10-25,16532.114918442952
2023-10-26,16411.688253826247
2023-10-27,16410.711381776327
2023-10-30,16520.61608882149
2023-10-31,16560.673336774384
2023-11-01,16784.150187314088
2023-11-02,17086.324218162536
2023-11-03,17238.28238105046
2023-11-06,17228.36441559471
2023-11-07,17340.516534924154
2023-11-08,17390.7376750787
2023-11-09,17223.261121156283
2023-11-10,17447.433756464157
2023-11-13,17426.245718805734
2023-11-14,17768.562253017823
2023-11-15,17733.064334422485
2023-11-16,17810.379270021705
2023-11-17,17836.984519761198
2023-11-20,17975.932255465086
2023-11-21,17946.75497512485
2023-11-22,18001.54278211408
2023-11-24,17965.328013083785
2023-11-27,18019.804935404478
2023-11-28,18072.238217361453
2023-11-29,18109.98476158078
2023-11-30,18075.46260036537
2023-12-01,18233.02137514093
2023-12-04,18090.039749060223
2023-12-05,18173.13814643623
2023-12-06,18167.416381186893
2023-12-07,18281.170982708976
2023-12-08,18282.743699288792
2023-12-11,18330.11713563612
2023-12-12,18417.282071660957
2023-12-13,18717.113423593695
2023-12-14,18844.623690682398
2023-12-15,18846.454932017015
2023-12-18,18903.006922342833
2023-12-19,19011.21264435065
2023-12-20,18836.491068316875
2023-12-21,18963.16434956049
2023-12-22,18978.076995586107
2023-12-26,19070.23822397501
2023-12-27,19171.915156017058
2023-12-28,19133.018666045926
2023-12-29,19048.50713254387
2024-01-02,18882.719675724667
2024-01-03,18761.10181239572
2024-01-04,18652.834361654182
2024-01-05,18634.30036465977
2024-01-08,18878.453720704198
2024-01-09,18854.715424031096
2024-01-10,18913.8273210995
2024-01-11,18947.27255649237
2024-01-12,18966.549915237385
2024-01-16,18853.335545118105
2024-01-17,18752.77753546829
2024-01-18,18879.912547335705
2024-01-19,19104.1009220646
2024-01-22,19143.265766725646
2024-01-23,19166.55359843716
2024-01-24,19168.583361701716
2024-01-25,19249.971036762345
2024-01-26,19197.070049013302
2024-01-29,19374.623863174234
2024-01-30,19367.744534733385
2024-01-31,19164.13111370688
2024-02-01,19427.277757558382
2024-02-02,19503.39503580405
2024-02-05,19377.829304108127
2024-02-06,19436.666188291765
2024-02-07,19542.184664693563
2024-02-08,19532.006043354562
2024-02-09,19619.371322647414
2024-02-12,19592.37408568997
2024-02-13,19298.601580667968
2024-02-14,19450.33638776559
2024-02-15,19554.587141611013
2024-02-16,19446.968339732826
2024-02-20,19375.25220203966
2024-02-21,19331.567852093878
2024-02-22,19681.080315804928
2024-02-23,19732.93902413488
2024-02-26,19684.7460293446
2024-02-27,19683.723160422483
2024-02-28,19670.42812450621
2024-02-29,19787.179363264506
2024-03-01,20012.944138308376
2024-03-04,19999.206373934674
2024-03-05,19880.568303144126
2024-03-06,19998.005230423198
2024-03-07,20176.085402119992
2024-03-08,20050.17374948236
2024-03-11,20022.531218066702
2024-03-12,20139.405983860583
2024-03-13,20074.923491147652
2024-03-14,19973.826052768865
2024-03-15,19840.06764608206
2024-03-18,19935.224448649733
2024-03-19,20003.333258055336
2024-03-20,20171.029286685367
2024-03-21,20232.920310198846
2024-03-22,20246.978116238708
2024-03-25,20188.77512977557
2024-03-26,20172.006680631497
2024-03-27,20315.04640475962
2024-03-28,20325.03489402093
2024-04-01,20268.76899026739
2024-04-02,20172.34646665812
2024-04-03,20211.61127429167
2024-04-04,20037.61877600478
2024-04-05,20170.699310708205
2024-04-08,20189.11976599525
2024-04-09,20269.52523757483
2024-04-10,20027.73381176015
2024-04-11,20204.851987095008
2024-04-12,19991.514058211524
2024-04-15,19768.092481720952
2024-04-16,19730.39418164666
2024-04-17,19640.724800951517
2024-04-18,19577.844121737824
2024-04-19,19408.213359178855
2024-04-22,19483.78638937691
2024-04-23,19660.018168499133
2024-04-24,19644.785464424225
2024-04-25,19570.629708935496
2024-04-26,19762.251525331973
2024-04-29,19843.451709562432
2024-04-30,19532.001179047405
2024-05-01,19510.759939026484
2024-05-02,19669.182657162426
2024-05-03,19923.538550774807
2024-05-06,20107.789355712026
2024-05-07,20132.896943576383
2024-05-08,20099.781982430777
2024-05-09,20210.5845589755
2024-05-10,20228.948260556852
2024-05-13,20231.70208981743
2024-05-14,20347.83212264151
2024-05-15,20625.697806930286
2024-05-16,20584.09102086576
2024-05-17,20599.139712153617
2024-05-20,20647.84052062185
2024-05-21,20698.480796030875
2024-05-22,20640.356491484315
2024-05-23,20484.470404646258
2024-05-24,20610.835429603092
2024-05-28,20602.529228482974
2024-05-29,20432.22465454002
2024-05-30,20355.709502328067
2024-05-31,20434.21680394693
2024-06-03,20558.122524804465
2024-06-04,20613.765261946442
2024-06-05,20891.10462700299
2024-06-06,20897.961432309774
2024-06-07,20731.00288203208
2024-06-10,20773.1119190635
2024-06-11,20884.791947711907
2024-06-12,21072.409883885404
2024-06-13,21168.42424117662
2024-06-14,21269.540305730003
2024-06-17,21362.13578484301
2024-06-18,21433.587502622344
2024-06-20,21358.942830000517
2024-06-21,21297.227714027173
2024-06-24,21222.452115203883
2024-06-25,21324.61675672385
2024-06-26,21267.867525548492
2024-06-27,21338.756306505813
2024-06-28,21192.73322153962
2024-07-01,21179.836716110487
2024-07-02,21336.445317076934
2024-07-03,21507.990596284806
2024-07-05,21689.499743625274
2024-07-08,21697.45975657667
2024-07-09,21696.027617342093
2024-07-10,21871.334705382764
2024-07-11,21733.28731630421
2024-07-12,21843.64780127233
2024-07-15,21842.11650370587
2024-07-16,22001.58266942685
2024-07-17,21675.151108436214
2024-07-18,21530.779478719393
2024-07-19,21352.377488638453
2024-07-22,21524.130005658764
2024-07-23,21489.393485517277
2024-07-24,21009.360198910883
2024-07-25,20897.63333514523
2024-07-26,21110.179155768463
2024-07-29,21147.59896052864
2024-07-30,21055.02830141495
2024-07-31,21460.060546810284
2024-08-01,21212.192556945043
2024-08-02,21031.339427091527
2024-08-05,20593.774249845217
2024-08-06,20620.148466119143
2024-08-07,20467.58878371208
2024-08-08,20851.616233772864
2024-08-09,20967.309291793797
2024-08-12,21036.45929249149
2024-08-13,21357.3886660459
2024-08-14,21395.781267319966
2024-08-15,21676.813404836947
2024-08-16,21768.32390387615
2024-08-19,21953.903293773208
2024-08-20,21968.846582377508
2024-08-21,22029.523801290445
2024-08-22,21785.469271647737
2024-08-23,22002.640032434592
2024-08-26,21913.414048878134
2024-08-27,21943.428298996834
2024-08-28,21796.97788369318
2024-08-29,21785.215286063332
2024-08-30,21884.317074193048
2024-09-03,21566.965893868393
2024-09-04,21589.407896064884
2024-09-05,21616.85978398436
2024-09-06,21281.18151799069
2024-09-09,21485.921349566994
2024-09-10,21622.474510676744
2024-09-11,21845.19055236004
2024-09-12,22001.091994877697
2024-09-13,22110.363020372544
2024-09-16,22134.451462245117
2024-09-17,22107.928297464823
2024-09-18,21981.128009054944
2024-09-19,22317.493994836594
2024-09-20,22300.598694421158
2024-09-23,22335.4765741677
2024-09-24,22423.655873623542
2024-09-25,22369.734697712505
2024-09-26,22477.529019258734
2024-09-27,22432.55807888032
2024-09-30,22447.429404298444
2024-10-01,22329.13031718359
2024-10-02,22305.18535607835
2024-10-03,22240.306330110947
2024-10-04,22341.378281400866
2024-10-07,22147.556129458695
2024-10-08,22321.71681739554
2024-10-09,22398.716322185493
2024-10-10,22374.3035817921
2024-10-11,22444.734195810168
2024-10-14,22574.357014773334
2024-10-15,22476.39500220656
2024-10-16,22546.481016133635
2024-10-17,22494.00280049069
2024-10-18,22600.08638342073
2024-10-21,22518.848261684296
2024-10-22,22550.11371448514
2024-10-23,22324.639079045955
2024-10-24,22444.04625563492
2024-10-25,22461.403931902714
2024-10-28,22478.165991915448
2024-10-29,22588.849781465797
2024-10-30,22535.991235078953
2024-10-31,22161.024677456073
2024-11-01,22176.04949612642
2024-11-04,22209.567138836177
2024-11-05,22430.58564786539
2024-11-06,22645.44505305694
2024-11-07,22915.58829315611
2024-11-08,23006.02770869738
2024-11-11,22934.383836705176
2024-11-12,22804.86474213403
2024-11-13,22734.23757097382
2024-11-14,22648.762500698278
2024-11-15,22354.784829749573
2024-11-18,22488.476884718377
2024-11-19,22610.849193118614
2024-11-20,22608.28152784237
2024-11-21,22696.580947226183
2024-11-22,22767.414303269474
2024-11-25,22859.918484261667
2024-11-26,22931.16802324398
2024-11-27,22886.08269404187
2024-11-29,23070.26062474905
2024-12-02,23153.048021010796
2024-12-03,23143.344916056838
2024-12-04,23343.421601276856
2024-12-05,23300.81305445484
2024-12-06,23388.82688054139
2024-12-09,23266.09206527888
2024-12-10,23222.10801188725
2024-12-11,23396.86529419607
2024-12-12,23212.19645536581
2024-12-13,23188.183756747127
2024-12-16,23347.454848204918
2024-12-17,23280.53338831767
2024-12-18,22648.14560241289
2024-12-19,22549.740154583036
2024-12-20,22766.35927191262
2024-12-23,22834.950126332333
2024-12-24,23053.22555542621
2024-12-26,23062.083066533083
2024-12-27,22819.347638412106
2024-12-30,22653.53673186248
2024-12-31,22552.70821058506
2025-01-02,22560.34823302812
2025-01-03,22751.774440554833
2025-01-06,22859.51128742201
2025-01-07,22595.09453371647
2025-01-08,22627.280268772472
2025-01-10,22374.292464030445
2025-01-13,22342.762132638196
2025-01-14,22353.100787243497
2025-01-15,22763.813458423912
2025-01-16,22728.88233891722
2025-01-17,22931.018523325347
2025-01-21,23131.861686432614
2025-01-22,23260.29498126932
2025-01-23,23286.470784663914
2025-01-24,23255.20154940516
2025-01-27,22951.22798787293
2025-01-28,23148.62236381304
2025-01-29,23075.731292252214
2025-01-30,23207.032786881817
2025-01-31,23121.626686931886
2025-02-03,23053.866139701335
2025-02-04,23237.44862796597
2025-02-05,23397.93311763603
2025-02-06,23458.816967106948
2025-02-07,23258.057031739932
2025-02-10,23431.026698813985
2025-02-11,23382.849770273773
2025-02-12,23295.825022230412
2025-02-13,23595.166299632067
2025-02-14,23614.342510519673
2025-02-18,23641.613580493766
2025-02-19,23673.07162347037
2025-02-20,23622.466942265473
2025-02-21,23368.68460703508
2025-02-24,23269.643269271408
2025-02-25,23184.975443654494
2025-02-26,23237.389695404618
2025-02-27,22827.161619454848
2025-02-28,23119.491183592716
2025-03-03,22857.7478201213
2025-03-04,22692.412420171127
2025-03-05,22847.200462397686
2025-03-06,22469.69796219578
2025-03-07,22556.401045978524
2025-03-10,22081.127674891206
2025-03-11,21986.240962295295
2025-03-12,22090.60323243369
2025-03-13,21931.65280432652
2025-03-14,22249.539560937676
2025-03-17,22395.70040841373
2025-03-18,22214.92604846015
2025-03-19,22433.028152082534
2025-03-20,22384.348918592863
2025-03-21,22364.92564954891
2025-03-24,22616.546950886186
2025-03-25,22686.460398646697
2025-03-26,22421.1941303262
2025-03-27,22376.03215484364
2025-03-28,22097.54751395348
2025-03-31,22231.97565573728
2025-04-01,22344.988631543067
2025-04-02,22452.13246586627
2025-04-03,21656.034519461005
2025-04-04,20741.898196234717
2025-04-07,20572.473426421242
2025-04-08,20265.96389361572
2025-04-09,21945.876154580706
2025-04-10,21213.79066252171
2025-04-11,21546.008394682784
2025-04-14,21691.885747213444
2025-04-15,21701.556718234566
2025-04-16,21407.125827317195
2025-04-17,21370.970990640017
2025-04-21,21000.23972009739
2025-04-22,21377.81220829015
2025-04-23,21646.027357794424
2025-04-24,22088.11643184621
2025-04-25,22234.418910729433
2025-04-28,22295.373692812005
2025-04-29,22411.400960745785
2025-04-30,22361.06420443009
2025-05-01,22442.944861489632
2025-05-02,22631.482650067883
2025-05-05,22581.608827292453
2025-05-06,22521.391528422355
2025-05-07,22571.07506415793
2025-05-08,22609.116777401166
2025-05-09,22616.313215051265
2025-05-12,23085.850445720098
2025-05-13,23243.481528126486
2025-05-14,23217.403277228717
2025-05-15,23348.300589258608
2025-05-16,23422.200714776
2025-05-19,23455.7845799567
2025-05-20,23410.66413907587
2025-05-21,23092.525306074484
2025-05-22,23112.87452930162
2025-05-23,23043.85251089836
2025-05-27,23423.38801545131
2025-05-28,23312.512982838583
2025-05-29,23420.034730772484
2025-05-30,23390.13940789342
2025-06-02,23516.899906470935
2025-06-03,23596.583561083313
2025-06-04,23705.596502173743
2025-06-05,23597.5627155939
2025-06-06,23671.982890156698
2025-06-09,23707.131478619718
2025-06-10,23833.048796206014
2025-06-11,23809.09888319176
2025-06-12,23950.22880882874
2025-06-13,23738.13196270538
2025-06-16,23845.839221384227
2025-06-17,23753.83694582741
2025-06-18,23746.638134860274
2025-06-20,23685.47877600178
2025-06-23,23874.711437168946
2025-06-24,24086.87863187572
2025-06-25,24124.130322890745
2025-06-26,24288.885065813833
2025-06-27,24287.151744998704
2025-06-30,24457.70166571619
2025-07-01,24426.637923389837
2025-07-02,24504.437326622905
2025-07-03,24603.17314873863
2025-07-07,24429.11725173798
2025-07-08,24396.12791708222
2025-07-09,24568.40843787838
2025-07-10,24594.384328010958
2025-07-11,24498.957046519685
2025-07-14,24525.074606408492
2025-07-15,24445.33296732974
2025-07-16,24504.62767347372
2025-07-17,24617.627011114193
2025-07-18,24617.238811684074
2025-07-21,24755.934558751615
2025-07-22,24772.331288121204
2025-07-23,24832.323189042803
2025-07-24,24827.615922619778
2025-07-25,24895.74863686867
2025-07-28,24868.212557778388
2025-07-29,24921.244005807082
2025-07-30,24849.971971989948
2025-07-31,24792.55466283961
2025-08-01,24604.316260789117
2025-08-04,24917.88147372321
2025-08-05,24833.878376874683
2025-08-06,24969.767739541825
2025-08-07,24999.294377661223
2025-08-08,25124.996169723985
2025-08-11,25052.460543916786
2025-08-12,25226.107209196154
2025-08-13,25313.901337742438
2025-08-14,25255.37143128543
2025-08-15,25163.894887730454
2025-08-18,25140.205448965313
2025-08-19,24998.74472511296
2025-08-20,24963.914084051645
2025-08-21,24855.796412285912
2025-08-22,25186.94848856838
2025-08-25,25100.26300250627
2025-08-26,25187.870407385177
2025-08-27,25221.719233708878
2025-08-28,25356.707338678574
2025-08-29,25196.583480399477
2025-09-02,25080.622659369157
2025-09-03,25268.897737900836
2025-09-04,25449.3515210756
2025-09-05,25542.453160401463
2025-09-08,25702.088820840516
2025-09-09,25712.65352612858
2025-09-10,25783.537403552982
2025-09-11,25944.900376906207
2025-09-12,25958.522138839202
2025-09-15,26119.571266044048
2025-09-16,26114.81122229499
2025-09-17,26052.752819038094
2025-09-18,26107.71194529225
2025-09-19,26230.195645239666
2025-09-22,26352.956500555207
2025-09-23,26290.673065635878
2025-09-24,26185.682556942123
2025-09-25,26114.398433457704
2025-09-26,26216.827748833875
2025-09-29,26369.02625167228
2025-09-30,26437.64740892741
2025-10-01,26529.550001695625
2025-10-02,26580.701970029335
2025-10-03,26558.234638225193
2025-10-06,26664.02697520812
2025-10-07,26626.794268322206
2025-10-08,26829.967622376484
2025-10-09,26735.41885700387
2025-10-10,26281.28519827508
2025-10-13,26670.87320032852
2025-10-14,26640.670183669205
2025-10-15,26778.82558488629
2025-10-16,26778.927932689894
2025-10-17,26833.886175390213
2025-10-20,27165.236246990597
2025-10-21,27015.058356241014
2025-10-22,26884.610521925508
2025-10-23,26990.146453071713
2025-10-24,27158.15249065424
2025-10-27,27374.214471544332
2025-10-28,27461.14718844627
2025-10-29,27437.61267548099
2025-10-30,27213.02811098013
2025-10-31,27257.110315724756
2025-11-03,27307.951449836073
2025-11-04,26976.522074031436
2025-11-05,27038.990449100034
2025-11-06,26817.232952068287
2025-11-07,26807.465284832884
2025-11-10,27224.815669887594
2025-11-11,27263.64071719114
2025-11-12,27316.88399237871
2025-11-13,26901.3124297145
2025-11-14,26826.401551750587
2025-11-17,26640.22443761983
2025-11-18,26470.991204104375
2025-11-19,26552.91884414109
2025-11-20,26222.59591935267
2025-11-21,26397.992071331497
2025-11-24,26827.842231123945
2025-11-25,26991.2497412283
2025-11-26,27182.847027739503
2025-11-28,27316.292970939663
2025-12-01,27184.040061290532
2025-12-02,27252.94707531232
2025-12-03,27323.48558229422
2025-12-04,27296.16418560062
2025-12-05,27320.158361216352
2025-12-08,27246.421067724463
2025-12-09,27266.673170033326
2025-12-10,27405.202468187825
2025-12-11,27426.185237756858
2025-12-12,27113.402415262975
2025-12-15,27062.38269738219
2025-12-16,27079.23680309272
2025-12-17,26827.78439583026
2025-12-18,27046.269475136323
2025-12-19,27232.954866635268
2025-12-22,27391.018044370612
2025-12-23,27524.65581679608
2025-12-24,27609.507705777956
2025-12-26,27621.905443554737
2025-12-29,27442.963646217217
2025-12-30,27399.372525900093
2025-12-31,27188.84923366685
2026-01-02,27198.388267100956
2026-01-05,27434.101400902215
2026-01-06,27590.051934838153
2026-01-07,27568.312402882493
2026-01-08,27507.732724612873
2026-01-09,27719.146778516857
2026-01-12,27778.964046637575
2026-01-13,27749.94742054481
2026-01-14,27667.052274176647
2026-01-15,27708.858853189744
2026-01-16,27647.2625113176
2026-01-20,27278.094062741668
2026-01-21,27595.94452851216
2026-01-22,27788.75314509202
2026-01-23,27872.5145670145
2026-01-26,28033.324328435647
2026-01-27,28188.10815385033
2026-01-28,28311.429302849636
2026-01-29,28247.085043734907
2026-01-30,27789.792774051166
2026-02-02,27775.12323219166
2026-02-03,27743.25457907806
2026-02-04,27528.080986764628
2026-02-05,27258.166766895312
2026-02-06,27727.70763978552
2026-02-09,27914.076209957006
2026-02-10,27882.533374229664
2026-02-11,27904.321930572456
2026-02-12,27538.866297423006
2026-02-13,27662.990273363834
2026-02-17,27595.319599661852
2026-02-18,27753.92672803018
2026-02-19,27706.090765655787
2026-02-20,27901.425019545564
2026-02-23,27781.691914275474
2026-02-24,27923.39341649465
2026-02-25,28132.67466251387
2026-02-26,28015.000883495337
2026-02-27,28005.21668006238
2026-03-02,28002.590234990497
2026-03-03,27677.748548990952
2026-03-04,27886.73457853081
2026-03-05,27743.302144707166
2026-03-06,27495.94487431517
2026-03-09,27744.634862629315
2026-03-10,27699.154400819847
2026-03-11,27603.2244459659
2026-03-12,27228.412573570462
2026-03-13,27056.200495143214
2026-03-16,27296.87705376936
2026-03-17,27373.71037210587
2026-03-18,26989.172596641616
2026-03-19,26858.64332689065
2026-03-20,26371.716023248846
2026-03-23,26548.12084709955
2026-03-24,26435.25828112011
2026-03-25,26676.89470162106
2026-03-26,26150.17299268052
2026-03-27,25881.76721293901
2026-03-30,25855.9628871428
2026-03-31,26511.806713143887
2026-04-01,26731.135154238338
2026-04-02,26731.459544948186
2026-04-06,26810.676900258437
2026-04-07,26842.087234342718
2026-04-08,27389.22921836537
2026-04-09,27515.456378156574
2026-04-10,27501.846972107804
2026-04-13,27700.08150741982
2026-04-14,28077.25948460279
2026-04-15,28230.12717747763
2026-04-16,28260.467115893185
2026-04-17,28597.334027004777
2026-04-20,28521.281589188955
2026-04-21,28301.822526622505
2026-04-22,28607.119351157537
2026-04-23,28474.104952460406
2026-04-24,28750.884178130545
2026-04-27,28724.431374443484
2026-04-28,28534.531574446013
2026-04-29,28510.397343939043
2026-04-30,28741.00024280657
2026-05-01,28872.901535908255
2026-05-04,28712.640858983534
2026-05-05,28972.94841011425
2026-05-06,29446.589581465578
2026-05-07,29375.437590397607
2026-05-08,29722.74106811293
2026-05-11,29745.765241115358
2026-05-12,29600.646498938957
2026-05-13,29730.83697193506
2026-05-14,29873.806618606366
2026-05-15,29436.82535785362
2026-05-18,29391.55228353271
2026-05-19,29172.240594104085
2026-05-20,29541.170099944193
2026-05-21,29600.428765825414
2026-05-22,29694.468912061773
2026-05-26,29962.23833805422
2026-05-27,29924.151807341288
2026-05-28,30128.094326438633
2026-05-29,30224.57400690838
2026-06-01,30248.999226069704
2026-06-02,30325.030750277736
2026-06-03,30162.026961675732
2026-06-04,30202.422767834927
2026-06-05,29314.235133118487
2026-06-08,29455.405722776948
2026-06-09,29305.823853261132
2026-06-10,28807.371224199487
2026-06-11,29460.076288212305
2026-06-12,29563.103010408424
2026-06-15,30123.346629480937
2026-06-16,29920.998845467922
2026-06-17,29622.91525893322
2026-06-18,29986.40530468436
2026-06-22,29860.85235376608
2026-06-23,29343.594679864134
2026-06-24,29292.459440817045
2026-06-25,29406.954954609104
2026-06-26,29234.334345791212
2026-06-29,29611.475499734184
2026-06-30,29783.495937736774
2026-07-01,29608.80901472642
2026-07-02,29498.74346332569
2026-07-06,29755.707661217486
2026-07-07,29434.973948147643
2026-07-08,29386.684486918457
