Date,Portfolio
2018-01-03,
2018-01-04,
2018-01-05,
2018-01-08,
2018-01-09,
2018-01-10,
2018-01-11,
2018-01-12,
2018-01-16,
2018-01-17,
2018-01-18,
2018-01-19,
2018-01-22,
2018-01-23,
2018-01-24,
2018-01-25,
2018-01-26,
2018-01-29,
2018-01-30,
2018-01-31,
2018-02-01,
2018-02-02,
2018-02-05,
2018-02-06,
2018-02-07,
2018-02-08,
2018-02-09,
2018-02-12,
2018-02-13,
2018-02-14,
2018-02-15,
2018-02-16,
2018-02-20,
2018-02-21,
2018-02-22,
2018-02-23,
2018-02-26,
2018-02-27,
2018-02-28,
2018-03-01,
2018-03-02,
2018-03-05,
2018-03-06,
2018-03-07,
2018-03-08,
2018-03-09,
2018-03-12,
2018-03-13,
2018-03-14,
2018-03-15,
2018-03-16,
2018-03-19,
2018-03-20,
2018-03-21,
2018-03-22,
2018-03-23,
2018-03-26,
2018-03-27,
2018-03-28,
2018-03-29,
2018-04-02,
2018-04-03,
2018-04-04,
2018-04-05,
2018-04-06,
2018-04-09,
2018-04-10,
2018-04-11,
2018-04-12,
2018-04-13,
2018-04-16,
2018-04-17,
2018-04-18,
2018-04-19,
2018-04-20,
2018-04-23,
2018-04-24,
2018-04-25,
2018-04-26,
2018-04-27,
2018-04-30,
2018-05-01,
2018-05-02,
2018-05-03,
2018-05-04,
2018-05-07,
2018-05-08,
2018-05-09,
2018-05-10,
2018-05-11,
2018-05-14,
2018-05-15,
2018-05-16,
2018-05-17,
2018-05-18,
2018-05-21,
2018-05-22,
2018-05-23,
2018-05-24,
2018-05-25,
2018-05-29,
2018-05-30,
2018-05-31,
2018-06-01,
2018-06-04,
2018-06-05,
2018-06-06,
2018-06-07,
2018-06-08,
2018-06-11,
2018-06-12,
2018-06-13,
2018-06-14,
2018-06-15,
2018-06-18,
2018-06-19,
2018-06-20,
2018-06-21,
2018-06-22,
2018-06-25,
2018-06-26,
2018-06-27,
2018-06-28,
2018-06-29,
2018-07-02,
2018-07-03,0.7323216473138272
2018-07-05,0.7327648280695805
2018-07-06,0.7342922636162507
2018-07-09,0.7333379599553175
2018-07-10,0.7329836396034632
2018-07-11,0.7333103838800055
2018-07-12,0.7348356078929827
2018-07-13,0.7345104143326429
2018-07-16,0.7339491031902279
2018-07-17,0.73395086832184
2018-07-18,0.7344287763545659
2018-07-19,0.7340697046641442
2018-07-20,0.7346478589785411
2018-07-23,0.7338193364409732
2018-07-24,0.7334255315527853
2018-07-25,0.7343094799564681
2018-07-26,0.735218866907576
2018-07-27,0.7359279258370665
2018-07-30,0.736637412058663
2018-07-31,0.7368758713824661
2018-08-01,0.7368788541575378
2018-08-02,0.7372186529675863
2018-08-03,0.7342339177349477
2018-08-06,0.7505025783060592
2018-08-07,0.7525645946508661
2018-08-08,0.7499863963375837
2018-08-09,0.7509076117098292
2018-08-10,0.7523200602249712
2018-08-13,0.7506045097590051
2018-08-14,0.7496558806213897
2018-08-15,0.750658342813946
2018-08-16,0.7462830122533418
2018-08-17,0.7462695110192696
2018-08-20,0.7468228568182151
2018-08-21,0.745465016674139
2018-08-22,0.7451062975416668
2018-08-23,0.7411440495447865
2018-08-24,0.7426816351213711
2018-08-27,0.74093158755139
2018-08-28,0.7444578994827192
2018-08-29,0.7481839215365521
2018-08-30,0.7478043884116742
2018-08-31,0.7498641811083865
2018-09-04,0.7501729528789839
2018-09-05,0.7514795625029119
2018-09-06,0.7513033913997468
2018-09-07,0.755436351989978
2018-09-10,0.756334469622103
2018-09-11,0.755731019180928
2018-09-12,0.758383458025623
2018-09-13,0.7590794370790502
2018-09-14,0.7593623266565638
2018-09-17,0.7571633595460305
2018-09-18,0.7562031584914701
2018-09-19,0.7566224127719783
2018-09-20,0.7708975314812946
2018-09-21,0.7760741688289307
2018-09-24,0.7711358594441223
2018-09-25,0.7647858590392407
2018-09-26,0.76068382692844
2018-09-27,0.7563757884119228
2018-09-28,0.759658407497342
2018-10-01,0.7677166673461887
2018-10-02,0.7657455593894122
2018-10-03,0.7711760303706088
2018-10-04,0.8020569752375987
2018-10-05,0.8056123972425492
2018-10-08,0.8053542833868622
2018-10-09,0.806480975124068
2018-10-10,0.813129156130603
2018-10-11,0.7669461935842012
2018-10-12,0.7733132483091246
2018-10-15,0.7677530304170782
2018-10-16,0.7720006762695868
2018-10-17,0.7694256275084972
2018-10-18,0.767493291260761
2018-10-19,0.7674249818805183
2018-10-22,0.7604740855731146
2018-10-23,0.7594606887799907
2018-10-24,0.758913194729368
2018-10-25,0.766429849701836
2018-10-26,0.7661206638420215
2018-10-29,0.7697983612961914
2018-10-30,0.7664012811687902
2018-10-31,0.7695529288659475
2018-11-01,0.7691758579684231
2018-11-02,0.7728956917098455
2018-11-05,0.7713494528802435
2018-11-06,0.7731303451973293
2018-11-07,0.7757656204722643
2018-11-08,0.7764754349611728
2018-11-09,0.7776337851044736
2018-11-12,0.7767267802393817
2018-11-13,0.7766887637666897
2018-11-14,0.7753377620303709
2018-11-15,0.7775812779612905
2018-11-16,0.778404908524015
2018-11-19,0.7839546976155155
2018-11-20,0.778841376275672
2018-11-21,0.7800543036582412
2018-11-23,0.780164931235967
2018-11-26,0.7907559722541041
2018-11-27,0.7968477416974411
2018-11-28,0.7983592321758755
2018-11-29,0.7986686146125508
2018-11-30,0.7992784178192491
2018-12-03,0.8024193491698649
2018-12-04,0.7870541046574043
2018-12-06,0.7865789294055626
2018-12-07,0.7863608704353179
2018-12-10,0.7869406698422733
2018-12-11,0.786857214186234
2018-12-12,0.7872697504894722
2018-12-13,0.7862559931099327
2018-12-14,0.7857901869860477
2018-12-17,0.7813627087761824
2018-12-18,0.7816253190070225
2018-12-19,0.7812747935621641
2018-12-20,0.7780682576969278
2018-12-21,0.7815615892152306
2018-12-24,0.7706293869452705
2018-12-26,0.7623539650626736
2018-12-27,0.762020849722396
2018-12-28,0.761803449189434
2018-12-31,0.7619663542786294
2019-01-02,0.7621518444658341
2019-01-03,0.7592334632733829
2019-01-04,0.7536543455151081
2019-01-07,0.7527792364710102
2019-01-08,0.7528158918440456
2019-01-09,0.7534545418344982
2019-01-10,0.7532232575295941
2019-01-11,0.7518754956615258
2019-01-14,0.7521977349197534
2019-01-15,0.7528219023296489
2019-01-16,0.7530333733807272
2019-01-17,0.753154629356102
2019-01-18,0.7504052718536204
2019-01-22,0.7499893590085629
2019-01-23,0.7502435465436279
2019-01-24,0.750335083557948
2019-01-25,0.7501692761695963
2019-01-28,0.7500003780691866
2019-01-29,0.7495532240762752
2019-01-30,0.7508482114979034
2019-01-31,0.7518690561812437
2019-02-01,0.7516982966208885
2019-02-04,0.751055996946635
2019-02-05,0.7514425808761616
2019-02-06,0.751515471463985
2019-02-07,0.7512933256157259
2019-02-08,0.7514093769280065
2019-02-11,0.7514319876242742
2019-02-12,0.7516171204677352
2019-02-13,0.7510179539731209
2019-02-14,0.7509657982739373
2019-02-15,0.7492395326648035
2019-02-19,0.750342240677051
2019-02-20,0.7501772612622105
2019-02-21,0.7506440352767169
2019-02-22,0.7511996898102947
2019-02-25,0.751259089354437
2019-02-26,0.751147824068623
2019-02-27,0.7502765143249795
2019-02-28,0.7506323532158353
2019-03-01,0.7493791635000298
2019-03-04,0.7481590244433409
2019-03-05,0.7482514807601071
2019-03-06,0.7479162432493522
2019-03-07,0.7475347424752214
2019-03-08,0.7468969608662424
2019-03-11,0.7467989096222781
2019-03-12,0.747012574119418
2019-03-13,0.7469733838830852
2019-03-14,0.7471469302576654
2019-03-15,0.7478910544357352
2019-03-18,0.7474279373475635
2019-03-19,0.7474700899712352
2019-03-20,0.7460677241959072
2019-03-21,0.7469943346960689
2019-03-22,0.7438046372392177
2019-03-25,0.7430975746777867
2019-03-26,0.7421658999492203
2019-03-27,0.7421149411070467
2019-03-28,0.7418043302985116
2019-03-29,0.7420279042827329
2019-04-01,0.7397161103073198
2019-04-02,0.7397546181991055
2019-04-03,0.7401224981504799
2019-04-04,0.7401221316103105
2019-04-05,0.7401881996547663
2019-04-08,0.7382069522574289
2019-04-09,0.7367043238772413
2019-04-10,0.7368343279239267
2019-04-11,0.7371963619651467
2019-04-12,0.7306179738276227
2019-04-15,0.7414472519944023
2019-04-16,0.7397095508513817
2019-04-17,0.7389480700080804
2019-04-18,0.7372202749216749
2019-04-22,0.737184492993012
2019-04-23,0.735523675490519
2019-04-24,0.7352228649625522
2019-04-25,0.7358552683009404
2019-04-26,0.7363647497967433
2019-04-29,0.7321933655549229
2019-04-30,0.7286988223985325
2019-05-01,0.7271108391843052
2019-05-02,0.7251985332843406
2019-05-03,0.7281820350793637
2019-05-06,0.7270686470758141
2019-05-07,0.7245213556302943
2019-05-08,0.7223433342032977
2019-05-09,0.7230782483115903
2019-05-10,0.7227706663111063
2019-05-13,0.7193172730417903
2019-05-14,0.718693756851134
2019-05-15,0.7186278706693395
2019-05-16,0.7139053587220433
2019-05-17,0.7147498434921903
2019-05-20,0.7167943411368662
2019-05-21,0.7153451899737463
2019-05-22,0.715285649392629
2019-05-23,0.7086687230064567
2019-05-24,0.7086710997741615
2019-05-28,0.7067784567899225
2019-05-29,0.7066673334972154
2019-05-30,0.7058696729676686
2019-05-31,0.703291438669192
2019-06-03,0.7011586150734496
2019-06-04,0.7002118544336174
2019-06-05,0.699055355260796
2019-06-06,0.6966646393525283
2019-06-07,0.7045123622175806
2019-06-10,0.7046688748970776
2019-06-11,0.7009578420384491
2019-06-12,0.7008991309633352
2019-06-13,0.7013258609544822
2019-06-14,0.7013899943789434
2019-06-17,0.7012590552093093
2019-06-18,0.7003316047585246
2019-06-19,0.7014961496040517
2019-06-20,0.7039680776603054
2019-06-21,0.7028688297968755
2019-06-24,0.7038104974486844
2019-06-25,0.6977881014656132
2019-06-26,0.7039597769835643
2019-06-27,0.7004915994960046
2019-06-28,0.7003957281912162
2019-07-01,0.6997392156049789
2019-07-02,0.6998128287510511
2019-07-03,0.7008336814047621
2019-07-05,0.7033633074712579
2019-07-08,0.7083465821329679
2019-07-09,0.7076786683747005
2019-07-10,0.710296335219857
2019-07-11,0.7089083603955256
2019-07-12,0.710258860524052
2019-07-15,0.7099120425032658
2019-07-16,0.7097096778700348
2019-07-17,0.7024080804547808
2019-07-18,0.7026667267743908
2019-07-19,0.7060765277707496
2019-07-22,0.7134571804686164
2019-07-23,0.7100454136029086
2019-07-24,0.7112095238732742
2019-07-25,0.7148964602342717
2019-07-26,0.7147407552183267
2019-07-29,0.7125155155450337
2019-07-30,0.7120287517622309
2019-07-31,0.7062924351537908
2019-08-01,0.6895948802066794
2019-08-02,0.6910628679327646
2019-08-05,0.678946834378206
2019-08-06,0.6822967748155571
2019-08-07,0.6819159633667558
2019-08-08,0.6856453905151407
2019-08-09,0.6877158021190425
2019-08-12,0.6793148496757574
2019-08-13,0.6801617529062703
2019-08-14,0.6663499335747843
2019-08-15,0.6673824135659144
2019-08-16,0.6657226356864312
2019-08-19,0.6614456143060521
2019-08-20,0.6598412323358566
2019-08-21,0.6567061079168155
2019-08-22,0.6558763289051602
2019-08-23,0.6507826094791748
2019-08-26,0.6514301937876444
2019-08-27,0.6493818468991164
2019-08-28,0.6479965336220015
2019-08-29,0.649369804009951
2019-08-30,0.6502261694849499
2019-09-03,0.650571338498216
2019-09-04,0.6525679265835278
2019-09-05,0.6462609648872649
2019-09-06,0.6466663702355697
2019-09-09,0.6452298229877724
2019-09-10,0.6449984246759035
2019-09-11,0.6452788816370962
2019-09-12,0.6444807664006171
2019-09-13,0.6440258958861479
2019-09-16,0.6432884015820531
2019-09-17,0.6436527460129072
2019-09-18,0.6452770500536222
2019-09-19,0.6433806610037281
2019-09-20,0.6448866584340066
2019-09-23,0.6449048353226803
2019-09-24,0.6455414319299525
2019-09-25,0.6438148313663652
2019-09-26,0.6441950916854754
2019-09-27,0.6458445192819668
2019-09-30,0.6492327892410258
2019-10-01,0.64745314208653
2019-10-02,0.6466368594378812
2019-10-03,0.6494083414951517
2019-10-04,0.6522891298365967
2019-10-07,0.6535961175966436
2019-10-08,0.6534054676732323
2019-10-09,0.6521783528193811
2019-10-10,0.6496276676225281
2019-10-11,0.6489647496732198
2019-10-14,0.6487397936477867
2019-10-15,0.6467520339151581
2019-10-16,0.6470563185013104
2019-10-17,0.6467857294630996
2019-10-18,0.6478818810910212
2019-10-21,0.6457641136949607
2019-10-22,0.6462222718038352
2019-10-23,0.6462940951609509
2019-10-24,0.6465616395329489
2019-10-25,0.6469062597277617
2019-10-28,0.646165298706917
2019-10-29,0.6469109779479776
2019-10-30,0.647275503693327
2019-10-31,0.6430529580202923
2019-11-01,0.6424266075542219
2019-11-04,0.6410226221361578
2019-11-05,0.6413068600688702
2019-11-06,0.6412145074746322
2019-11-07,0.64020496868893
2019-11-08,0.6339409669406271
2019-11-11,0.6339908220225186
2019-11-12,0.6320704916206932
2019-11-13,0.6328225024895847
2019-11-14,0.6311920692343801
2019-11-15,0.6273213569419779
2019-11-18,0.6271945806667028
2019-11-19,0.6269687079917141
2019-11-20,0.6277688566269987
2019-11-21,0.6286191659054161
2019-11-22,0.6305038815847799
2019-11-25,0.6310725953841169
2019-11-26,0.6307380991094487
2019-11-27,0.6337267835268382
2019-11-29,0.6325109606761034
2019-12-02,0.6355117599098337
2019-12-03,0.63272143322507
2019-12-04,0.6300444272370478
2019-12-05,0.623529148985041
2019-12-06,0.6225623003048598
2019-12-09,0.622862010694341
2019-12-10,0.6225532739532746
2019-12-11,0.6225313354459006
2019-12-12,0.6187684758109294
2019-12-13,0.6187670538370776
2019-12-16,0.6143325450589803
2019-12-17,0.6141366029751169
2019-12-18,0.6103301469587289
2019-12-19,0.6103657010988339
2019-12-20,0.6113100342342682
2019-12-23,0.6078725618312911
2019-12-24,0.6075038659471952
2019-12-26,0.6084487582436414
2019-12-27,0.6089589637359824
2019-12-30,0.6108749365686157
2019-12-31,0.609480028451659
2020-01-02,0.6141040972721358
2020-01-03,0.6098613250705566
2020-01-06,0.6088043889046673
2020-01-07,0.6089121893376355
2020-01-08,0.6070741659179987
2020-01-09,0.6087016451003099
2020-01-10,0.6072231641002082
2020-01-13,0.6075753811555118
2020-01-14,0.6062889155757781
2020-01-15,0.609815049427425
2020-01-16,0.6095813796961846
2020-01-17,0.606521278008354
2020-01-21,0.6053720457403009
2020-01-22,0.6064876941012519
2020-01-23,0.6055100662944322
2020-01-24,0.6013185085780328
2020-01-27,0.5990482132783416
2020-01-28,0.598510645564162
2020-01-29,0.5978183820584154
2020-01-30,0.5946824752320029
2020-01-31,0.6000493581139266
2020-02-03,0.599576745835484
2020-02-04,0.5976316269572561
2020-02-05,0.5865518492636054
2020-02-06,0.5876411763207257
2020-02-07,0.5770338301025711
2020-02-10,0.576324588975747
2020-02-11,0.5827876299779734
2020-02-12,0.5786391701373567
2020-02-13,0.5842732513934771
2020-02-14,0.5839678650839701
2020-02-18,0.5832275107009811
2020-02-19,0.5882396026420402
2020-02-20,0.5911984208615617
2020-02-21,0.5940996446581875
2020-02-24,0.6019424786641575
2020-02-25,0.6180248993424959
2020-02-26,0.6157340436188042
2020-02-27,0.6353555636934585
2020-02-28,0.6351441749267375
2020-03-02,0.6516747034355069
2020-03-03,0.6428147248568664
2020-03-04,0.64260254001807
2020-03-05,0.6274888924555211
2020-03-06,0.6207951868575995
2020-03-09,0.6152617646929879
2020-03-10,0.5980931417291959
2020-03-11,0.6202452065404803
2020-03-12,0.6465527561203174
2020-03-13,0.6391052499737283
2020-03-16,0.6359249878740295
2020-03-17,0.6336413370995707
2020-03-18,0.6426827049466387
2020-03-19,0.6429700575926478
2020-03-20,0.6328259401633785
2020-03-23,0.6258166792618973
2020-03-24,0.6301717957402927
2020-03-25,0.6283269491023262
2020-03-26,0.6319810259850218
2020-03-27,0.6317213836264622
2020-03-30,0.6322060623027086
2020-03-31,0.633058586857459
2020-04-01,0.6326854264731682
2020-04-02,0.6336009307387975
2020-04-03,0.6333487919456243
2020-04-06,0.6390786674509427
2020-04-07,0.6388705238364778
2020-04-08,0.6369858164006004
2020-04-09,0.6369481874168259
2020-04-13,0.6367481285998728
2020-04-14,0.6391707450178168
2020-04-15,0.6377655380191707
2020-04-16,0.6383906513266574
2020-04-17,0.6355229049850486
2020-04-20,0.635121116454844
2020-04-21,0.6360023887611491
2020-04-22,0.6368551925288226
2020-04-23,0.6368191787439902
2020-04-24,0.6369354249666358
2020-04-27,0.6358702624428145
2020-04-28,0.636061259298718
2020-04-29,0.6371221141330874
2020-04-30,0.6374157583678784
2020-05-01,0.6374892675563243
2020-05-04,0.6376432048716927
2020-05-05,0.6376803334401331
2020-05-06,0.6379484917430184
2020-05-07,0.6385955277809442
2020-05-08,0.6378748674816082
2020-05-11,0.6381025017862009
2020-05-12,0.6381440809005452
2020-05-13,0.6377507528960001
2020-05-14,0.6380725421031409
2020-05-15,0.638067597698937
2020-05-18,0.6354692860588504
2020-05-19,0.6352496581960553
2020-05-20,0.6356151836562264
2020-05-21,0.6358833300336502
2020-05-22,0.6359289852378119
2020-05-26,0.6347169877180842
2020-05-27,0.6342844362201634
2020-05-28,0.6342234772321977
2020-05-29,0.6344230819603621
2020-06-01,0.634390303260711
2020-06-02,0.6341582318796232
2020-06-03,0.6327190414700987
2020-06-04,0.6331414154908286
2020-06-05,0.632171062840048
2020-06-08,0.6322699117705736
2020-06-09,0.6318694380384212
2020-06-10,0.6312607898116454
2020-06-11,0.6308524057140834
2020-06-12,0.6304156861444804
2020-06-15,0.6308430556302159
2020-06-16,0.6301936813660715
2020-06-17,0.6301786619648556
2020-06-18,0.6301801264408103
2020-06-19,0.6300734925323723
2020-06-22,0.6301703307580903
2020-06-23,0.6301878242936461
2020-06-24,0.6300442411772165
2020-06-25,0.630043320912397
2020-06-26,0.6299318482834635
2020-06-29,0.6296915811897783
2020-06-30,0.6297652000146752
2020-07-01,0.6298357719269814
2020-07-02,0.6293885796030562
2020-07-06,0.6300054659982249
2020-07-07,0.6296987614130873
2020-07-08,0.6297504697059878
2020-07-09,0.6295045336138156
2020-07-10,0.6292366331085517
2020-07-13,0.6296726340563046
2020-07-14,0.6295656441253389
2020-07-15,0.6292551095617436
2020-07-16,0.6293236566886646
2020-07-17,0.6293606620310254
2020-07-20,0.6299402051521923
2020-07-21,0.6299168314157851
2020-07-22,0.6299690676614166
2020-07-23,0.6303027076531444
2020-07-24,0.6304763209285775
2020-07-27,0.6308248226830467
2020-07-28,0.6310166692029833
2020-07-29,0.6310602999913479
2020-07-30,0.630992304745411
2020-07-31,0.631422860047355
2020-08-03,0.6313883389486787
2020-08-04,0.6317401609175539
2020-08-05,0.6321284133373902
2020-08-06,0.6323075653390812
2020-08-07,0.6323956062018492
2020-08-10,0.6321634721192665
2020-08-11,0.6332941476953633
2020-08-12,0.6334889173426083
2020-08-13,0.6334829728919225
2020-08-14,0.6334820515109821
2020-08-17,0.6336892754257084
2020-08-18,0.633689312195459
2020-08-19,0.6339548909610707
2020-08-20,0.6340036601610964
2020-08-21,0.6337642513200369
2020-08-24,0.6326939696153372
2020-08-25,0.6327259198899826
2020-08-26,0.6314586900865647
2020-08-27,0.6315016173440251
2020-08-28,0.6298557370030589
2020-08-31,0.630424544809777
2020-09-01,0.6307989356838523
2020-09-02,0.6326082125589356
2020-09-03,0.6376344848706222
2020-09-04,0.6409617205858482
2020-09-08,0.6491483590155264
2020-09-09,0.6440805913592058
2020-09-10,0.6339286493280833
2020-09-11,0.6378473632502747
2020-09-14,0.6407809205794297
2020-09-15,0.6440411280400242
2020-09-16,0.632010414405727
2020-09-17,0.6329671520382101
2020-09-18,0.6486412253821345
2020-09-21,0.6604885957440676
2020-09-22,0.660123577118898
2020-09-23,0.6669853368721914
2020-09-24,0.6635691484913491
2020-09-25,0.6661717388820465
2020-09-28,0.6664222379130266
2020-09-29,0.6641075716833941
2020-09-30,0.6675051180034594
2020-10-01,0.6663237166436321
2020-10-02,0.6694529082918401
2020-10-05,0.6541382538951622
2020-10-06,0.6554796700070441
2020-10-07,0.6613281912550922
2020-10-08,0.6619755655171569
2020-10-09,0.6654383269704126
2020-10-12,0.6618240715676711
2020-10-13,0.668095921199067
2020-10-14,0.6674700829614988
2020-10-15,0.6784481135249746
2020-10-16,0.6817488539657064
2020-10-19,0.6815675101119286
2020-10-20,0.6790461504860151
2020-10-21,0.6791350236741929
2020-10-22,0.677853715264205
2020-10-23,0.6818325246996609
2020-10-26,0.678804047905285
2020-10-27,0.674515956166255
2020-10-28,0.6803137848788064
2020-10-29,0.681563689616476
2020-10-30,0.6851240933191269
2020-11-02,0.6851094040687321
2020-11-03,0.6842205128259512
2020-11-04,0.6926389323189847
2020-11-05,0.6994142498693848
2020-11-06,0.6996184421853834
2020-11-09,0.6918402986018066
2020-11-10,0.6963180080203752
2020-11-11,0.6962952934107479
2020-11-12,0.6931852420002443
2020-11-13,0.7049910009000221
2020-11-16,0.70627008767549
2020-11-17,0.704539293356027
2020-11-18,0.7026384979510268
2020-11-19,0.7028418928969558
2020-11-20,0.7068344269938469
2020-11-23,0.7079797182470325
2020-11-24,0.7046075396510368
2020-11-25,0.7036350577027563
2020-11-27,0.703980690749589
2020-11-30,0.7044438642122969
2020-12-01,0.7086716609046975
2020-12-02,0.7079229773908983
2020-12-03,0.7149685583129667
2020-12-04,0.7129806579113839
2020-12-07,0.7154754736390682
2020-12-08,0.7190381643693924
2020-12-09,0.7479804130635954
2020-12-10,0.7500578032741633
2020-12-11,0.7498516409619636
2020-12-14,0.7545779052074485
2020-12-15,0.7549983511966087
2020-12-16,0.7551841809487212
2020-12-17,0.7568012047426631
2020-12-18,0.756305071592877
2020-12-21,0.7558658057179107
2020-12-22,0.7641823097418916
2020-12-23,0.7646603293738239
2020-12-24,0.7725434073381727
2020-12-28,0.7749598259704104
2020-12-29,0.7742100566684282
2020-12-30,0.7741852097340377
2020-12-31,0.7739365362495031
2021-01-04,0.7693348136821853
2021-01-05,0.773368448194556
2021-01-06,0.7688209613076651
2021-01-07,0.7729024211048565
2021-01-08,0.7740615347775797
2021-01-11,0.7739036349171032
2021-01-12,0.7754161258890767
2021-01-13,0.7777563562374521
2021-01-14,0.7782931638906385
2021-01-15,0.7782556883291776
2021-01-19,0.7764128612103243
2021-01-20,0.7800214950901672
2021-01-21,0.7796280888727611
2021-01-22,0.7794987006471147
2021-01-25,0.7804930034253499
2021-01-26,0.7786419156406245
2021-01-27,0.7774762749600777
2021-01-28,0.7767394522611426
2021-01-29,0.7777592528706705
2021-02-01,0.7789604373208838
2021-02-02,0.7762126310626767
2021-02-03,0.7756252332085234
2021-02-04,0.774174535023235
2021-02-05,0.7724629634807199
2021-02-08,0.7727974269232262
2021-02-09,0.7730619448380913
2021-02-10,0.7661322158926358
2021-02-11,0.7658781859663133
2021-02-12,0.7655458797076984
2021-02-16,0.7661571197066193
2021-02-17,0.7655730152382593
2021-02-18,0.7654099645730149
2021-02-19,0.7642099222169222
2021-02-22,0.7663660927145485
2021-02-23,0.7661106058065801
2021-02-24,0.7658172756387229
2021-02-25,0.776517405360337
2021-02-26,0.7712620300752524
2021-03-01,0.768121025592848
2021-03-02,0.7683000311598229
2021-03-03,0.7759103054774296
2021-03-04,0.7751209099979313
2021-03-05,0.7748319463088179
2021-03-08,0.7734667020348399
2021-03-09,0.7816730598913231
2021-03-10,0.7759607281769867
2021-03-11,0.774214426513476
2021-03-12,0.7765837938530912
2021-03-15,0.7775195064704616
2021-03-16,0.7758010897783771
2021-03-17,0.7751616569975132
2021-03-18,0.7807662605893377
2021-03-19,0.7792771878772775
2021-03-22,0.7823313220233912
2021-03-23,0.78427269708433
2021-03-24,0.7838728439280659
2021-03-25,0.779314127836758
2021-03-26,0.7774596692149476
2021-03-29,0.7765419731889195
2021-03-30,0.7755605294755382
2021-03-31,0.7776988219598259
2021-04-01,0.7836417203987036
2021-04-05,0.7821720011408254
2021-04-06,0.7770973955366959
2021-04-07,0.7814463086520019
2021-04-08,0.7831429221590606
2021-04-09,0.7856192845506579
2021-04-12,0.7856837463801135
2021-04-13,0.7841822483111063
2021-04-14,0.7804692893760895
2021-04-15,0.7871552504768874
2021-04-16,0.7877032720047448
2021-04-19,0.7881413057779525
2021-04-20,0.7859839186310795
2021-04-21,0.787518420454406
2021-04-22,0.7873883244493358
2021-04-23,0.7869932894007401
2021-04-26,0.7886568864099576
2021-04-27,0.7889877248318783
2021-04-28,0.7979557438048279
2021-04-29,0.7998847319254269
2021-04-30,0.8026674436000738
2021-05-03,0.8032238243447475
2021-05-04,0.7990646779501253
2021-05-05,0.7998571403422248
2021-05-06,0.8041931379147144
2021-05-07,0.7832343334016327
2021-05-10,0.7825419210859766
2021-05-11,0.779426339966421
2021-05-12,0.8081694465516459
2021-05-13,0.8050445578267977
2021-05-14,0.8075081086247033
2021-05-17,0.8155261538139407
2021-05-18,0.8167200024389983
2021-05-19,0.8196867517437647
2021-05-20,0.8254625782219368
2021-05-21,0.8303563992784605
2021-05-24,0.8317316625754677
2021-05-25,0.8330099373922131
2021-05-26,0.8355626701954959
2021-05-27,0.8455542351009214
2021-05-28,0.8462968854489876
2021-06-01,0.8459245223758015
2021-06-02,0.8473099415536649
2021-06-03,0.850984534119648
2021-06-04,0.8557494020549385
2021-06-07,0.8559344061973474
2021-06-08,0.8604117296748135
2021-06-09,0.8618937705268969
2021-06-10,0.8628094557488719
2021-06-11,0.8573662331699224
2021-06-14,0.8579790012656213
2021-06-15,0.8587794165158705
2021-06-16,0.8610810183123373
2021-06-17,0.8630104948814358
2021-06-18,0.8506020671835212
2021-06-21,0.8410579137311218
2021-06-22,0.8417313034339262
2021-06-23,0.84259832113017
2021-06-24,0.8432511617832441
2021-06-25,0.8423226911934159
2021-06-28,0.8424119472545698
2021-06-29,0.8429346362966961
2021-06-30,0.8434552914467371
2021-07-01,0.8426628993329127
2021-07-02,0.8445078296542673
2021-07-06,0.8497275677465347
2021-07-07,0.8510436697986539
2021-07-08,0.8545460650006215
2021-07-09,0.8508144638322322
2021-07-12,0.8519723783255361
2021-07-13,0.8503208187175906
2021-07-14,0.8504511877825132
2021-07-15,0.8489632288195496
2021-07-16,0.8480814435596541
2021-07-19,0.8328854737249946
2021-07-20,0.8241130600028727
2021-07-21,0.8166197662773643
2021-07-22,0.8170221078064719
2021-07-23,0.8150841609021677
2021-07-26,0.8138044352815409
2021-07-27,0.8133008690583645
2021-07-28,0.8186103732788015
2021-07-29,0.8205657842077906
2021-07-30,0.8228770817201267
2021-08-02,0.8178689708657686
2021-08-03,0.822313777675074
2021-08-04,0.8195829932218676
2021-08-05,0.8233105399993359
2021-08-06,0.8232167137576624
2021-08-09,0.8227028608825117
2021-08-10,0.8228593497185877
2021-08-11,0.8231497923933904
2021-08-12,0.8231420569327106
2021-08-13,0.8251705694276155
2021-08-16,0.8239596036500286
2021-08-17,0.8237543790909793
2021-08-18,0.8194612098583202
2021-08-19,0.8186088182114452
2021-08-20,0.8133772855195284
2021-08-23,0.8153422046862497
2021-08-24,0.8198325292067465
2021-08-25,0.7991784222042388
2021-08-26,0.8050955831063763
2021-08-27,0.8206223872966427
2021-08-30,0.8199387482893846
2021-08-31,0.8049035236188311
2021-09-01,0.7994919046250436
2021-09-02,0.8067759805528103
2021-09-03,0.7962423066417684
2021-09-07,0.7723527242561453
2021-09-08,0.774400408129572
2021-09-09,0.7688036413331227
2021-09-10,0.7721920133994619
2021-09-13,0.7700985102286388
2021-09-14,0.7659536881571016
2021-09-15,0.7632848599907351
2021-09-16,0.7447259062647126
2021-09-17,0.7495741769335931
2021-09-20,0.7357885586423922
2021-09-21,0.7388653541587712
2021-09-22,0.7366613568767745
2021-09-23,0.7263623023283164
2021-09-24,0.7299378755374172
2021-09-27,0.7306581680254707
2021-09-28,0.7513704731558697
2021-09-29,0.7493248759778371
2021-09-30,0.7293705215977156
2021-10-01,0.7283472356827463
2021-10-04,0.7336167600427808
2021-10-05,0.7307100356840338
2021-10-06,0.7289688324113378
2021-10-07,0.7276497061269633
2021-10-08,0.7285027022562519
2021-10-11,0.7275319954932169
2021-10-12,0.7236261966703813
2021-10-13,0.7162591531513408
2021-10-14,0.7197818858755828
2021-10-15,0.714288088850336
2021-10-18,0.7168236231122849
2021-10-19,0.7126847542364488
2021-10-20,0.7106241516498552
2021-10-21,0.7116572684482925
2021-10-22,0.7112459002971289
2021-10-25,0.7119794446616695
2021-10-26,0.7119018700114532
2021-10-27,0.7089727514773718
2021-10-28,0.7081768246014541
2021-10-29,0.7084791881467276
2021-11-01,0.7048961267354508
2021-11-02,0.7050711271648289
2021-11-03,0.7017368690778131
2021-11-04,0.7051865911811432
2021-11-05,0.6947945365611791
2021-11-08,0.6960953364484146
2021-11-09,0.674653411695668
2021-11-10,0.6846373979040634
2021-11-11,0.6717030678167144
2021-11-12,0.6713045591651695
2021-11-15,0.6710920538585066
2021-11-16,0.6710476844814136
2021-11-17,0.6600938278644248
2021-11-18,0.6607700620587869
2021-11-19,0.6536049374027969
2021-11-22,0.6615335792679137
2021-11-23,0.6611576305232987
2021-11-24,0.6620333125641761
2021-11-26,0.6420935011463453
2021-11-29,0.6446353827273058
2021-11-30,0.6366019687481812
2021-12-01,0.6351316440258087
2021-12-02,0.6217907027443103
2021-12-03,0.6224869936877252
2021-12-06,0.6165747121034572
2021-12-07,0.6257079108975824
2021-12-08,0.6231183314985229
2021-12-09,0.6261218962367081
2021-12-10,0.627138225316808
2021-12-13,0.6253614812803687
2021-12-14,0.6270741275452709
2021-12-15,0.630768461355308
2021-12-16,0.6444119352111788
2021-12-17,0.6469530284633842
2021-12-20,0.6497876520430028
2021-12-21,0.6526147252991172
2021-12-22,0.6556752902225988
2021-12-23,0.6560792720682175
2021-12-27,0.6585011526086993
2021-12-28,0.6590824001794078
2021-12-29,0.6589756285166387
2021-12-30,0.6586587942846145
2021-12-31,0.6560274469757654
2022-01-03,0.6540988938329287
2022-01-04,0.6540599822918912
2022-01-05,0.6691037968712106
2022-01-06,0.6734747162372087
2022-01-07,0.6752857671981854
2022-01-10,0.6747641999630698
2022-01-11,0.6791562143409483
2022-01-12,0.6797121864367593
2022-01-13,0.6819163093324564
2022-01-14,0.6941195507087966
2022-01-18,0.7100087581247224
2022-01-19,0.7087745516421499
2022-01-20,0.707187672689326
2022-01-21,0.708823107480333
2022-01-24,0.7087225764194528
2022-01-25,0.7132542092927878
2022-01-26,0.7143558006481954
2022-01-27,0.7140270274747643
2022-01-28,0.7182716031776492
2022-01-31,0.7254274737169673
2022-02-01,0.7255544859463672
2022-02-02,0.727444761985568
2022-02-03,0.7420846089489787
2022-02-04,0.7429633979848932
2022-02-07,0.7429114035558596
2022-02-08,0.7429174737604218
2022-02-09,0.7458680658934588
2022-02-10,0.7525892621880794
2022-02-11,0.7474739668263111
2022-02-14,0.7474543295198324
2022-02-15,0.7455572311612505
2022-02-16,0.7474986880650706
2022-02-17,0.7444390760235413
2022-02-18,0.7433813337607155
2022-02-22,0.7398973519473306
2022-02-23,0.7454428510549637
2022-02-24,0.7515896362275194
2022-02-25,0.7466451841870384
2022-02-28,0.7432078716035133
2022-03-01,0.7368167731187367
2022-03-02,0.7243507459575148
2022-03-03,0.7242472413655469
2022-03-04,0.7222566069915233
2022-03-07,0.7251582700819091
2022-03-08,0.7237825599332791
2022-03-09,0.7190278173034859
2022-03-10,0.7211128478690234
2022-03-11,0.7218070099139597
2022-03-14,0.7258928810065299
2022-03-15,0.7278113512971102
2022-03-16,0.7379987564719199
2022-03-17,0.7367775637403468
2022-03-18,0.7389522907143221
2022-03-21,0.7421868199196038
2022-03-22,0.7415399099467118
2022-03-23,0.7361945189915408
2022-03-24,0.7420589397555625
2022-03-25,0.7408539349311737
2022-03-28,0.7414874194877905
2022-03-29,0.7363472964427108
2022-03-30,0.7358919703400816
2022-03-31,0.7376886780144736
2022-04-01,0.7375758381554829
2022-04-04,0.7372774907601302
2022-04-05,0.7444404183354432
2022-04-06,0.7467085704847252
2022-04-07,0.7475125466434795
2022-04-08,0.7480969512201874
2022-04-11,0.7517965836478785
2022-04-12,0.7522540107108507
2022-04-13,0.7534120293515922
2022-04-14,0.7575064735881025
2022-04-18,0.7590219208760475
2022-04-19,0.7567776324615896
2022-04-20,0.7579390992109426
2022-04-21,0.7605034341951998
2022-04-22,0.7601136906335928
2022-04-25,0.7609715414371965
2022-04-26,0.7578069098693473
2022-04-27,0.7568442445460282
2022-04-28,0.762176703190157
2022-04-29,0.7665616675425325
2022-05-02,0.7657412233077325
2022-05-03,0.7659350189450038
2022-05-04,0.7679967765085353
2022-05-05,0.7801103623969058
2022-05-06,0.7794940112879116
2022-05-09,0.7770238484073512
2022-05-10,0.7776806846007474
2022-05-11,0.77647844495743
2022-05-12,0.7754681598289755
2022-05-13,0.7742543874059998
2022-05-16,0.774262420261842
2022-05-17,0.7722579839691404
2022-05-18,0.7644651084408616
2022-05-19,0.7640631744338624
2022-05-20,0.7636653924390819
2022-05-23,0.7606738409669672
2022-05-24,0.759864807270767
2022-05-25,0.7610042003688692
2022-05-26,0.7609101846408317
2022-05-27,0.7690201097456514
2022-05-31,0.7692345979484516
2022-06-01,0.7728008030438984
2022-06-02,0.7755562871876515
2022-06-03,0.7789561083171673
2022-06-06,0.7790350332352036
2022-06-07,0.7820206490216508
2022-06-08,0.7813625202812525
2022-06-09,0.7800365846403273
2022-06-10,0.7787770263777656
2022-06-13,0.7886996416633759
2022-06-14,0.7894849608447012
2022-06-15,0.7933637352138284
2022-06-16,0.7891121069515676
2022-06-17,0.7889331318774442
2022-06-21,0.7856706418310726
2022-06-22,0.7855217234673812
2022-06-23,0.7866279422802243
2022-06-24,0.7811614017598517
2022-06-27,0.7815844966242753
2022-06-28,0.7811708069929973
2022-06-29,0.7813230233927159
2022-06-30,0.781319648069367
2022-07-01,0.7815944551276167
2022-07-05,0.7820970455210214
2022-07-06,0.7828184392926396
2022-07-07,0.7826496855745505
2022-07-08,0.7810174788295353
2022-07-11,0.7806051106604343
2022-07-12,0.7800146571323612
2022-07-13,0.7794512211345207
2022-07-14,0.7781186103232224
2022-07-15,0.7778175868747942
2022-07-18,0.7778582006056055
2022-07-19,0.7766884809009574
2022-07-20,0.7754764722484054
2022-07-21,0.7786158936327281
2022-07-22,0.778551968972149
2022-07-25,0.7792304814068679
2022-07-26,0.7797161598830235
2022-07-27,0.7815562494781119
2022-07-28,0.7818632347329563
2022-07-29,0.782075461518669
2022-08-01,0.781519941160766
2022-08-02,0.7805731111946919
2022-08-03,0.7837468242158847
2022-08-04,0.7837315699438546
2022-08-05,0.7806471968082889
2022-08-08,0.7806514464612794
2022-08-09,0.7808798793416823
2022-08-10,0.7803982666979115
2022-08-11,0.7794540993834754
2022-08-12,0.7791045591111854
2022-08-15,0.7810210520171252
2022-08-16,0.7809862130243039
2022-08-17,0.7825367031754925
2022-08-18,0.782448971596559
2022-08-19,0.7860200896974957
2022-08-22,0.7868610555913209
2022-08-23,0.7875872209732409
2022-08-24,0.7859049487406445
2022-08-25,0.7854051799491911
2022-08-26,0.7864678981208986
2022-08-29,0.787302429297428
2022-08-30,0.7897484046124664
2022-08-31,0.795848445311878
2022-09-01,0.7953220531850251
2022-09-02,0.7956144176341132
2022-09-06,0.7972547299604515
2022-09-07,0.8001205525438295
2022-09-08,0.8033541102783305
2022-09-09,0.8037681124955047
2022-09-12,0.8029673042885985
2022-09-13,0.8001166757709168
2022-09-14,0.8011978495464889
2022-09-15,0.7980577005860613
2022-09-16,0.7987763297329746
2022-09-19,0.7973835997244002
2022-09-20,0.7974577026746696
2022-09-21,0.7950909084836225
2022-09-22,0.7989339141444252
2022-09-23,0.7981278651218805
2022-09-26,0.7996619658869752
2022-09-27,0.7991725036751082
2022-09-28,0.8032076076644905
2022-09-29,0.8040234756363553
2022-09-30,0.8059734105232865
2022-10-03,0.8082077118004829
2022-10-04,0.8056772755942572
2022-10-05,0.8035607145331637
2022-10-06,0.8023658104237666
2022-10-07,0.8050073840585656
2022-10-10,0.8056148526258872
2022-10-11,0.8045413847969829
2022-10-12,0.8044418390928277
2022-10-13,0.7986235511066163
2022-10-14,0.7982446881816432
2022-10-17,0.7977957693723376
2022-10-18,0.7984985334116036
2022-10-19,0.7989572795902655
2022-10-20,0.7985832975976827
2022-10-21,0.796649990854997
2022-10-24,0.7950899185694444
2022-10-25,0.8005161178789156
2022-10-26,0.8008495755620018
2022-10-27,0.7995699880575108
2022-10-28,0.7969759536908796
2022-10-31,0.7978974627410363
2022-11-01,0.7975601786904322
2022-11-02,0.7980167856321808
2022-11-03,0.7918410078039689
2022-11-04,0.7909283900700749
2022-11-07,0.7917637997016282
2022-11-08,0.7923384078200849
2022-11-09,0.7924160420333535
2022-11-10,0.8113266651924192
2022-11-11,0.8133487681281911
2022-11-14,0.8130138867338286
2022-11-15,0.8163101824519826
2022-11-16,0.8239519646371084
2022-11-17,0.8248097414156065
2022-11-18,0.8243174948330777
2022-11-21,0.8276271348867237
2022-11-22,0.8288934313689743
2022-11-23,0.8295498249342418
2022-11-25,0.8302465885195338
2022-11-28,0.8288576618914504
2022-11-29,0.8284251571918458
2022-11-30,0.832144623715875
2022-12-01,0.8309446123134125
2022-12-02,0.8298323836853653
2022-12-05,0.8311825091342432
2022-12-06,0.8293595587339548
2022-12-07,0.8293779888304621
2022-12-08,0.8314048816127559
2022-12-09,0.8344119571190898
2022-12-12,0.8248937609883473
2022-12-13,0.8256240181499613
2022-12-14,0.8221712873815172
2022-12-15,0.8282753549447267
2022-12-16,0.8276617750380589
2022-12-19,0.834997396782407
2022-12-20,0.8353956038160717
2022-12-21,0.8340702792004583
2022-12-22,0.8423591634766193
2022-12-23,0.8411698525481045
2022-12-27,0.8427150708287273
2022-12-28,0.8427371105553053
2022-12-29,0.8448322975132573
2022-12-30,0.845029809775787
2023-01-03,0.8439787558082341
2023-01-04,0.8450396230878575
2023-01-05,0.845845007646524
2023-01-06,0.8490365125002874
2023-01-09,0.849728753412223
2023-01-10,0.8496364641026464
2023-01-11,0.8519593433697661
2023-01-12,0.8524982272585144
2023-01-13,0.8538893185440896
2023-01-17,0.8537338835322491
2023-01-18,0.8525885596569153
2023-01-19,0.8519837735173788
2023-01-20,0.8476862501479314
2023-01-23,0.8489794307330548
2023-01-24,0.8489638076937857
2023-01-25,0.8487862855791568
2023-01-26,0.84741293197658
2023-01-27,0.8473910818241541
2023-01-30,0.848660642950025
2023-01-31,0.8494550062740581
2023-02-01,0.8509848485854519
2023-02-02,0.8496284232346341
2023-02-03,0.8521442511454999
2023-02-06,0.8518349772285407
2023-02-07,0.8515388964303763
2023-02-08,0.8508215909903954
2023-02-09,0.8531936414903649
2023-02-10,0.8527623996277236
2023-02-13,0.8522935658554196
2023-02-14,0.852382217246356
2023-02-15,0.8522017504310118
2023-02-16,0.852582870385207
2023-02-17,0.8525397496871975
2023-02-21,0.8523585502210633
2023-02-22,0.8525108376239919
2023-02-23,0.8530267967246196
2023-02-24,0.854603270478858
2023-02-27,0.8536698472120562
2023-02-28,0.8580139525314349
2023-03-01,0.8579683595419061
2023-03-02,0.857787837558144
2023-03-03,0.8606679523875026
2023-03-06,0.8612869400888034
2023-03-07,0.8606172462420414
2023-03-08,0.8597071300494582
2023-03-09,0.8547002996180333
2023-03-10,0.8492771973510161
2023-03-13,0.8487319810010167
2023-03-14,0.8468153065919825
2023-03-15,0.8481773153624528
2023-03-16,0.8469527694357765
2023-03-17,0.8411062086560431
2023-03-20,0.8391319027563249
2023-03-21,0.8365055043426682
2023-03-22,0.8309395712444169
2023-03-23,0.835622652750171
2023-03-24,0.832973538052091
2023-03-27,0.8334697658538699
2023-03-28,0.83244111076187
2023-03-29,0.8307255094968022
2023-03-30,0.8261652236214709
2023-03-31,0.8259515788680745
2023-04-03,0.8249004724232939
2023-04-04,0.8222538260567481
2023-04-05,0.8266154202445554
2023-04-06,0.8263225067595098
2023-04-10,0.8265901339200056
2023-04-11,0.8225825399508354
2023-04-12,0.8207642821406751
2023-04-13,0.8202476922623857
2023-04-14,0.8214721651271013
2023-04-17,0.8299762956361919
2023-04-18,0.826934260497848
2023-04-19,0.8297327701555716
2023-04-20,0.8304069566550112
2023-04-21,0.828942086259847
2023-04-24,0.8279763658703043
2023-04-25,0.8313129885785757
2023-04-26,0.8340349289361189
2023-04-27,0.8266476857408324
2023-04-28,0.8270829850518056
2023-05-01,0.8271950874039022
2023-05-02,0.8262397063719088
2023-05-03,0.8237670854297049
2023-05-04,0.8240284238876379
2023-05-05,0.8170396993622021
2023-05-08,0.8147908998565334
2023-05-09,0.816542895973546
2023-05-10,0.8190507343792365
2023-05-11,0.8175972791179249
2023-05-12,0.8197301352368751
2023-05-15,0.7807003653944398
2023-05-16,0.7794221193549586
2023-05-17,0.7773063136025516
2023-05-18,0.7739486271423057
2023-05-19,0.7756739141814576
2023-05-22,0.7749311992798313
2023-05-23,0.77553598566398
2023-05-24,0.7755575609226807
2023-05-25,0.7751236373878402
2023-05-26,0.7773588396651239
2023-05-30,0.777188381724298
2023-05-31,0.777518635510804
2023-06-01,0.7774844290636646
2023-06-02,0.7590711148293261
2023-06-05,0.7597689358606882
2023-06-06,0.7599215541713407
2023-06-07,0.7574678911641993
2023-06-08,0.761535961285345
2023-06-09,0.7624995209608709
2023-06-12,0.7639066063007891
2023-06-13,0.7593253054938682
2023-06-14,0.7616614002692548
2023-06-15,0.7608439235653395
2023-06-16,0.7617737474501834
2023-06-20,0.7554207056312245
2023-06-21,0.7562635088243209
2023-06-22,0.751320869065298
2023-06-23,0.750138859791487
2023-06-26,0.7526181142839111
2023-06-27,0.7467951520295786
2023-06-28,0.7486649309853332
2023-06-29,0.7439438082941445
2023-06-30,0.744650558272969
2023-07-03,0.7390907244032014
2023-07-05,0.7391106632482725
2023-07-06,0.7438528610949895
2023-07-07,0.7429200531680127
2023-07-10,0.7408154890500929
2023-07-11,0.728357494383606
2023-07-12,0.7319670039617282
2023-07-13,0.7367584853110114
2023-07-14,0.732673081171758
2023-07-17,0.7316757014632436
2023-07-18,0.7328424507984922
2023-07-19,0.7326109533444635
2023-07-20,0.7493317164492889
2023-07-21,0.7492088850800451
2023-07-24,0.7524368294607992
2023-07-25,0.7508841159029189
2023-07-26,0.7516273692071218
2023-07-27,0.7551223431791007
2023-07-28,0.7587472304154497
2023-07-31,0.7585676035381107
2023-08-01,0.7561611157493889
2023-08-02,0.7620576720696725
2023-08-03,0.7570049639478664
2023-08-04,0.7486094638621696
2023-08-07,0.7363305036268831
2023-08-08,0.7345041118965729
2023-08-09,0.7348233753476426
2023-08-10,0.7340894091133402
2023-08-11,0.7314992344992721
2023-08-14,0.7327781263440541
2023-08-15,0.7316639987543527
2023-08-16,0.7348103694050521
2023-08-17,0.7371887197156883
2023-08-18,0.7300843141567497
2023-08-21,0.7303498576798048
2023-08-22,0.7162357583834897
2023-08-23,0.725820641471056
2023-08-24,0.7307321949770823
2023-08-25,0.7236683942667892
2023-08-28,0.7234391186963587
2023-08-29,0.7323191406634822
2023-08-30,0.7305394971946678
2023-08-31,0.731779998980565
2023-09-01,0.7187931212170614
2023-09-05,0.7201228873399319
2023-09-06,0.7218261038658211
2023-09-07,0.7221199156545035
2023-09-08,0.727557558695886
2023-09-11,0.7483218492785126
2023-09-12,0.7511600076609578
2023-09-13,0.7574473330092812
2023-09-14,0.7643788949547528
2023-09-15,0.7663339614174877
2023-09-18,0.7832508141957649
2023-09-19,0.7893760756990289
2023-09-20,0.7974250719582449
2023-09-21,0.8296732325911707
2023-09-22,0.8270719231422066
2023-09-25,0.8256931925667864
2023-09-26,0.8260597509412491
2023-09-27,0.8264347435028994
2023-09-28,0.8297631365831436
2023-09-29,0.8276736950342848
2023-10-02,0.8243663140932657
2023-10-03,0.8329331155111432
2023-10-04,0.8412203500498616
2023-10-05,0.8416291351024394
2023-10-06,0.8382481623221523
2023-10-09,0.8434684874194004
2023-10-10,0.8428216039003025
2023-10-11,0.8454058613473086
2023-10-12,0.8494824253281564
2023-10-13,0.843736475731785
2023-10-16,0.8383206366470783
2023-10-17,0.8385263653587004
2023-10-18,0.8349728927929376
2023-10-19,0.8391932273370458
2023-10-20,0.8348979649582492
2023-10-23,0.8336764218125057
2023-10-24,0.8475163242486801
2023-10-25,0.858275600484271
2023-10-26,0.8606296252175236
2023-10-27,0.8560304060329416
2023-10-30,0.8492358916258539
2023-10-31,0.8626274171238435
2023-11-01,0.872918634140552
2023-11-02,0.8780475219902445
2023-11-03,0.8911049810034478
2023-11-06,0.8904028610443495
2023-11-07,0.8920633423202556
2023-11-08,0.8903889415120118
2023-11-09,0.8944579560904078
2023-11-10,0.8923311738286763
2023-11-13,0.8930684973648431
2023-11-14,0.9012128590452
2023-11-15,0.9054977413803036
2023-11-16,0.9081154637130328
2023-11-17,0.908089044909867
2023-11-20,0.9089758143574279
2023-11-21,0.9133517841847996
2023-11-22,0.913820111294239
2023-11-24,0.9121789737083705
2023-11-27,0.9046952655388177
2023-11-28,0.9049730114535008
2023-11-29,0.9072621365091783
2023-11-30,0.9042310381241391
2023-12-01,0.9247175195595672
2023-12-04,0.9278198601617048
2023-12-05,0.9271665130402879
2023-12-06,0.9202760012522463
2023-12-07,0.9160463867744414
2023-12-08,0.9140264285207768
2023-12-11,0.9122985394937994
2023-12-12,0.916055119253384
2023-12-13,0.9230248143622919
2023-12-14,0.92490252383122
2023-12-15,0.9237503514457616
2023-12-18,0.9245288593396619
2023-12-19,0.923808881461039
2023-12-20,0.9167321676203614
2023-12-21,0.9181978155903145
2023-12-22,0.9169855465074863
2023-12-26,0.9196770952271998
2023-12-27,0.9202821953833439
2023-12-28,0.9234140028276158
2023-12-29,0.9218667444273453
2024-01-02,0.9252124562262727
2024-01-03,0.9232831616596024
2024-01-04,0.9232341023573668
2024-01-05,0.9229335506121803
2024-01-08,0.9231128960090614
2024-01-09,0.9233914800015168
2024-01-10,0.9183720708946075
2024-01-11,0.914498057101273
2024-01-12,0.9143053482137539
2024-01-16,0.915322299107244
2024-01-17,0.9146339788959493
2024-01-18,0.9127836715788722
2024-01-19,0.9072220559991063
2024-01-22,0.9071690031460127
2024-01-23,0.9083257668335212
2024-01-24,0.907993036269916
2024-01-25,0.9075306927493692
2024-01-26,0.9050360407763731
2024-01-29,0.9040986059811852
2024-01-30,0.9040161783283702
2024-01-31,0.8921556073547255
2024-02-01,0.890786843130317
2024-02-02,0.8813284463393589
2024-02-05,0.8869055338797734
2024-02-06,0.8914053984086066
2024-02-07,0.8902297731419335
2024-02-08,0.8908975859074817
2024-02-09,0.8901786518043064
2024-02-12,0.8899085089134787
2024-02-13,0.895500042140838
2024-02-14,0.8972120852826493
2024-02-15,0.8946201387376453
2024-02-16,0.8949016356464011
2024-02-20,0.8937336912349975
2024-02-21,0.8943803207095234
2024-02-22,0.8947700183889282
2024-02-23,0.8875176484565053
2024-02-26,0.8849700817082307
2024-02-27,0.8852376449723537
2024-02-28,0.8852228419009364
2024-02-29,0.8811169955405115
2024-03-01,0.884993203163427
2024-03-04,0.8857741565763622
2024-03-05,0.8816722936479162
2024-03-06,0.881586566244619
2024-03-07,0.8824179671298046
2024-03-08,0.8833774165626106
2024-03-11,0.8835366390226423
2024-03-12,0.879351265021742
2024-03-13,0.8800164082310633
2024-03-14,0.8814743054400607
2024-03-15,0.8852977732251834
2024-03-18,0.8853797753460878
2024-03-19,0.8846744174277287
2024-03-20,0.8844272027062402
2024-03-21,0.8858334253913256
2024-03-22,0.8757341934404101
2024-03-25,0.8777698577031515
2024-03-26,0.8797391199699365
2024-03-27,0.8820355047841085
2024-03-28,0.8814845600000251
2024-04-01,0.8822632418808136
2024-04-02,0.8814639457861566
2024-04-03,0.8808498533309639
2024-04-04,0.8683378630236186
2024-04-05,0.8620263992408873
2024-04-08,0.8613490612503899
2024-04-09,0.8650669884785628
2024-04-10,0.8672620647466036
2024-04-11,0.8700633024041572
2024-04-12,0.8649351807698394
2024-04-15,0.8614586175792814
2024-04-16,0.8664343436736176
2024-04-17,0.8730344433623397
2024-04-18,0.8731904024076024
2024-04-19,0.8790974381747229
2024-04-22,0.8718139715408344
2024-04-23,0.8753302005259466
2024-04-24,0.877317251423635
2024-04-25,0.8758251930447113
2024-04-26,0.8665074364440757
2024-04-29,0.8735755858886437
2024-04-30,0.882270202660954
2024-05-01,0.8869988055831487
2024-05-02,0.8890910852215075
2024-05-03,0.8866714439844828
2024-05-06,0.8839115476567468
2024-05-07,0.882829870339712
2024-05-08,0.8835523934474977
2024-05-09,0.8829718716720224
2024-05-10,0.8832505545835989
2024-05-13,0.8791784473716798
2024-05-14,0.8816634991757983
2024-05-15,0.8864738739923773
2024-05-16,0.8788695633646673
2024-05-17,0.8793574184249268
2024-05-20,0.8793920830142493
2024-05-21,0.8794602334782492
2024-05-22,0.8784911250761261
2024-05-23,0.8803202861240834
2024-05-24,0.8808083333134601
2024-05-28,0.880617865733436
2024-05-29,0.8859377850522188
2024-05-30,0.8830898376352658
2024-05-31,0.8786232926824434
2024-06-03,0.880604691009534
2024-06-04,0.8777709055476913
2024-06-05,0.8796853556966342
2024-06-06,0.8808178475078668
2024-06-07,0.8866968329764046
2024-06-10,0.8869178163318869
2024-06-11,0.8893431241703679
2024-06-12,0.8916925420482581
2024-06-13,0.8916140717777082
2024-06-14,0.88248595688526
2024-06-17,0.8781484688675074
2024-06-18,0.8792161266423308
2024-06-20,0.8812819370490396
2024-06-21,0.881597159731766
2024-06-24,0.8903915256366655
2024-06-25,0.8934520415229602
2024-06-26,0.8935464097030985
2024-06-27,0.8930257069941091
2024-06-28,0.8954430945120829
2024-07-01,0.8947776674633565
2024-07-02,0.8951199141102621
2024-07-03,0.8931564625454431
2024-07-05,0.8975067177183513
2024-07-08,0.8951681116456122
2024-07-09,0.8952145432602907
2024-07-10,0.8931713591686097
2024-07-11,0.890610558409201
2024-07-12,0.8916195927727786
2024-07-15,0.8917306947009762
2024-07-16,0.8935073494290894
2024-07-17,0.8972222819995282
2024-07-18,0.8964150452685195
2024-07-19,0.9010015542682288
2024-07-22,0.8977141384881414
2024-07-23,0.8977267732634333
2024-07-24,0.905269331935223
2024-07-25,0.9057707404493993
2024-07-26,0.9063854595592872
2024-07-29,0.9057866330472092
2024-07-30,0.9031375175307667
2024-07-31,0.913967474820085
2024-08-01,0.9224051518947204
2024-08-02,0.8942137395261402
2024-08-05,0.8809530220180658
2024-08-06,0.8712798075924888
2024-08-07,0.872643407136218
2024-08-08,0.8704448990338143
2024-08-09,0.8712069971414128
2024-08-12,0.8715847837151629
2024-08-13,0.8730238788385437
2024-08-14,0.8672313118547611
2024-08-15,0.8637750117386837
2024-08-16,0.8646456006159674
2024-08-19,0.8638350651672041
2024-08-20,0.8639453767978934
2024-08-21,0.8637934857883247
2024-08-22,0.8685399269071513
2024-08-23,0.869320097875455
2024-08-26,0.8705234329054045
2024-08-27,0.8707380127450645
2024-08-28,0.8722530963708289
2024-08-29,0.8713974237247177
2024-08-30,0.8639577534960784
2024-09-03,0.855923771925912
2024-09-04,0.8582832970986265
2024-09-05,0.8562811154665124
2024-09-06,0.8582562901436268
2024-09-09,0.8573522403504833
2024-09-10,0.8583167336761591
2024-09-11,0.8638876271394766
2024-09-12,0.8631503257948265
2024-09-13,0.8622327501298638
2024-09-16,0.8613808830859105
2024-09-17,0.8617476282440827
2024-09-18,0.864009113824821
2024-09-19,0.8645313938917865
2024-09-20,0.8643466261276573
2024-09-23,0.864862894165352
2024-09-24,0.8649234694217109
2024-09-25,0.8653292695915128
2024-09-26,0.8660453939773016
2024-09-27,0.866325949376852
2024-09-30,0.8648709663463994
2024-10-01,0.862786137604823
2024-10-02,0.8628258007091064
2024-10-03,0.8659809704322573
2024-10-04,0.8655040223270698
2024-10-07,0.8665514751739852
2024-10-08,0.8660709385257487
2024-10-09,0.8602058288204305
2024-10-10,0.858363400067087
2024-10-11,0.8593689757075657
2024-10-14,0.8576406553891259
2024-10-15,0.8550765097873698
2024-10-16,0.8552588648605336
2024-10-17,0.8550255702706291
2024-10-18,0.8539635877212975
2024-10-21,0.8585618404106462
2024-10-22,0.8597230106510054
2024-10-23,0.8623754601952555
2024-10-24,0.8624437419883433
2024-10-25,0.8607059579861962
2024-10-28,0.8599367117894019
2024-10-29,0.8555023377194377
2024-10-30,0.8563252227096351
2024-10-31,0.8561812989587915
2024-11-01,0.8518611245052957
2024-11-04,0.8501782036209776
2024-11-05,0.8496153667689391
2024-11-06,0.8180028055929337
2024-11-07,0.8217592886795411
2024-11-08,0.8218747083362552
2024-11-11,0.8219761252093564
2024-11-12,0.8227283381049182
2024-11-13,0.818426901688784
2024-11-14,0.8170084018016665
2024-11-15,0.8208425047668046
2024-11-18,0.8217542722265353
2024-11-19,0.8224305734799493
2024-11-20,0.8222788424369051
2024-11-21,0.8206162382236191
2024-11-22,0.8202775394587946
2024-11-25,0.8205855067220191
2024-11-26,0.8177170237601574
2024-11-27,0.8189609654327117
2024-11-29,0.8239679804767583
2024-12-02,0.8243248636761278
2024-12-03,0.8243947640214919
2024-12-04,0.8219173577625982
2024-12-05,0.8221114104349867
2024-12-06,0.820430782120413
2024-12-09,0.8213477648308327
2024-12-10,0.8205268504860259
2024-12-11,0.8195813854908247
2024-12-12,0.8218205166165558
2024-12-13,0.8220928646749349
2024-12-16,0.8251472053115756
2024-12-17,0.8245885367032032
2024-12-18,0.8322796759267784
2024-12-19,0.8323226969424782
2024-12-20,0.831625576063174
2024-12-23,0.8300809779342245
2024-12-24,0.8306495506393267
2024-12-26,0.83046738705694
2024-12-27,0.8307557838099728
2024-12-30,0.8283571793121627
2024-12-31,0.8278498959520254
2025-01-02,0.8254347478695906
2025-01-03,0.8214667933546563
2025-01-06,0.8215378131298322
2025-01-07,0.8240780376057862
2025-01-08,0.824086773449645
2025-01-10,0.8226090917278979
2025-01-13,0.8223316103960685
2025-01-14,0.8227840597715012
2025-01-15,0.8273039885431105
2025-01-16,0.8228931400552205
2025-01-17,0.8232910660384067
2025-01-21,0.8223374970004426
2025-01-22,0.823150662790296
2025-01-23,0.8216051545874159
2025-01-24,0.8123923844106454
2025-01-27,0.8140977986169935
2025-01-28,0.8142473174502672
2025-01-29,0.8140239332322408
2025-01-30,0.8144446757178876
2025-01-31,0.8046984058916895
2025-02-03,0.8025354691009492
2025-02-04,0.8175462501998905
2025-02-05,0.8296808784661659
2025-02-06,0.83559446817877
2025-02-07,0.8350076917218764
2025-02-10,0.8377367587371602
2025-02-11,0.8370840559158538
2025-02-12,0.8378131230468949
2025-02-13,0.8397315965580172
2025-02-14,0.8398374647197495
2025-02-18,0.842133922951028
2025-02-19,0.8415891165144215
2025-02-20,0.8400495966200513
2025-02-21,0.8323709319101
2025-02-24,0.8326754330726103
2025-02-25,0.8274258874043188
2025-02-26,0.8259049657100687
2025-02-27,0.834367646026697
2025-02-28,0.8339527010106546
2025-03-03,0.825661448924345
2025-03-04,0.8221265366486502
2025-03-05,0.8231980114517983
2025-03-06,0.8331744039136025
2025-03-07,0.8334460117853945
2025-03-10,0.8311616253818122
2025-03-11,0.8257884750857332
2025-03-12,0.82555553580984
2025-03-13,0.818743805380275
2025-03-14,0.8114775984419093
2025-03-17,0.8114634442617287
2025-03-18,0.810283746144755
2025-03-19,0.8113961079625533
2025-03-20,0.8113905583964008
2025-03-21,0.8102891680222328
2025-03-24,0.8017568624542718
2025-03-25,0.8021432113566535
2025-03-26,0.8048495522757337
2025-03-27,0.8043423882834045
2025-03-28,0.7968586905688084
2025-03-31,0.7966846977637954
2025-04-01,0.7973579658728948
2025-04-02,0.7981867288491002
2025-04-03,0.7846538159665937
2025-04-04,0.7715919378170566
2025-04-07,0.7719037180469149
2025-04-08,0.776095353156092
2025-04-09,0.7806619758232178
2025-04-10,0.7793858621240964
2025-04-11,0.7809405959579901
2025-04-14,0.7806316180996589
2025-04-15,0.7807858518785807
2025-04-16,0.7783667331690715
2025-04-17,0.778533801919533
2025-04-21,0.7778088147988572
2025-04-22,0.7757912702099057
2025-04-23,0.7757619410571163
2025-04-24,0.7783368945220555
2025-04-25,0.7785408744271549
2025-04-28,0.7777145309165917
2025-04-29,0.7774760254225976
2025-04-30,0.7774314066363605
2025-05-01,0.7771568742185231
2025-05-02,0.7754327800979326
2025-05-05,0.7750440004441349
2025-05-06,0.7730846061062242
2025-05-07,0.7732891541760163
2025-05-08,0.7726586369732767
2025-05-09,0.7724294397819444
2025-05-12,0.7749457069613934
2025-05-13,0.7738762856661476
2025-05-14,0.773727948769774
2025-05-15,0.7741000718762028
2025-05-16,0.7733843324095849
2025-05-19,0.7734353772157075
2025-05-20,0.7735907084951539
2025-05-21,0.7726708539460876
2025-05-22,0.7723522208695976
2025-05-23,0.7716372196657221
2025-05-27,0.7717782381485053
2025-05-28,0.7719391928961206
2025-05-29,0.772051395027356
2025-05-30,0.7719496776670015
2025-06-02,0.772274842362079
2025-06-03,0.7720780086566696
2025-06-04,0.771454786193788
2025-06-05,0.7715056066986544
2025-06-06,0.7699701374470054
2025-06-09,0.769290415156376
2025-06-10,0.7693887701182122
2025-06-11,0.769176132412128
2025-06-12,0.7692603694193686
2025-06-13,0.7694419896151063
2025-06-16,0.7682677490579525
2025-06-17,0.7669416426787757
2025-06-18,0.7669349838781209
2025-06-20,0.766567574656823
2025-06-23,0.7666594213252006
2025-06-24,0.7625167518145812
2025-06-25,0.7624133386572028
2025-06-26,0.7624824993178181
2025-06-27,0.7622133919591211
2025-06-30,0.7623589161381961
2025-07-01,0.7623879933244961
2025-07-02,0.7613737888697277
2025-07-03,0.7613100673079425
2025-07-07,0.7614682848554132
2025-07-08,0.7617050181744079
2025-07-09,0.7625648387048545
2025-07-10,0.7624524129327237
2025-07-11,0.7614381076432996
2025-07-14,0.7614108619988472
2025-07-15,0.7615562083028615
2025-07-16,0.761600724203562
2025-07-17,0.7615660631380553
2025-07-18,0.7591335002199114
2025-07-21,0.7592684086274812
2025-07-22,0.7589533445185905
2025-07-23,0.7574179630502265
2025-07-24,0.7572421240602483
2025-07-25,0.7576768434533178
2025-07-28,0.7577794141130645
2025-07-29,0.756130725692387
2025-07-30,0.7557706701804856
2025-07-31,0.7557310137661004
2025-08-01,0.753013435734853
2025-08-04,0.7535262303109367
2025-08-05,0.7539345061388807
2025-08-06,0.7532823320357572
2025-08-07,0.7527980319533644
2025-08-08,0.7525755082416558
2025-08-11,0.7521211557126798
2025-08-12,0.7512889452933437
2025-08-13,0.7513626495688446
2025-08-14,0.7512236473805655
2025-08-15,0.7498939900579723
2025-08-18,0.7499328303361751
2025-08-19,0.7503469682529518
2025-08-20,0.7503313037244067
2025-08-21,0.750670617186973
2025-08-22,0.7526205709741948
2025-08-25,0.7525019592788129
2025-08-26,0.7525261862936444
2025-08-27,0.7525225589122653
2025-08-28,0.7495574231470865
2025-08-29,0.7495444352400806
2025-09-02,0.7503426269502443
2025-09-03,0.7514783745980484
2025-09-04,0.7521092389989477
2025-09-05,0.7492093914924112
2025-09-08,0.7494870884243392
2025-09-09,0.7480930265475608
2025-09-10,0.7486689185573299
2025-09-11,0.7485465740184253
2025-09-12,0.7498312540873744
2025-09-15,0.7509443535240431
2025-09-16,0.7507702690462477
2025-09-17,0.750837574021665
2025-09-18,0.7501703097382535
2025-09-19,0.7502288462056402
2025-09-22,0.7502771538920965
2025-09-23,0.7513819515176885
2025-09-24,0.7516421912268256
2025-09-25,0.7501061472504611
2025-09-26,0.7499560383755648
2025-09-29,0.7520112647544479
2025-09-30,0.7518262086681418
2025-10-01,0.7517431107990908
2025-10-02,0.751773338628336
2025-10-03,0.7546145670659107
2025-10-06,0.7597064704232246
2025-10-07,0.7579532310562702
2025-10-08,0.7554662211346513
2025-10-09,0.72295729871885
2025-10-10,0.7049267931468601
2025-10-13,0.705614022244362
2025-10-14,0.7063437254434644
2025-10-15,0.7079078762280292
2025-10-16,0.7083549856881382
2025-10-17,0.7070299782554392
2025-10-20,0.7085900984004646
2025-10-21,0.7136993693792824
2025-10-22,0.7132434473572556
2025-10-23,0.6977043818823062
2025-10-24,0.6968085992284315
2025-10-27,0.6962266491639644
2025-10-28,0.696053645861855
2025-10-29,0.6957500061573183
2025-10-30,0.6989156491134247
2025-10-31,0.7035333593395959
2025-11-03,0.705173280524589
2025-11-04,0.7181754012514369
2025-11-05,0.718492866132809
2025-11-06,0.7230602215957477
2025-11-07,0.7235318039194814
2025-11-10,0.7523674880968031
2025-11-11,0.7508482875544517
2025-11-12,0.7507031440122582
2025-11-13,0.7587767509056547
2025-11-14,0.7610811262858302
2025-11-17,0.7613210497598631
2025-11-18,0.7619376950286482
2025-11-19,0.7587124034363325
2025-11-20,0.7618293945945106
2025-11-21,0.7626035105155575
2025-11-24,0.7724083621722485
2025-11-25,0.7697684365756603
2025-11-26,0.7706033610204586
2025-11-28,0.7706259856976788
2025-12-01,0.7715706438060583
2025-12-02,0.7726414622846561
2025-12-03,0.7735773947537838
2025-12-04,0.7726495303611688
2025-12-05,0.7802943836418733
2025-12-08,0.7807422446055835
2025-12-09,0.7798734741739303
2025-12-10,0.7801915937331175
2025-12-11,0.7786841222905281
2025-12-12,0.7844479011853681
2025-12-15,0.7893553527734337
2025-12-16,0.7921302736692378
2025-12-17,0.7936173152709178
2025-12-18,0.7952267136011538
2025-12-19,0.7946447972074335
2025-12-22,0.7953934917873456
2025-12-23,0.7960818027464701
2025-12-24,0.7956632902666525
2025-12-26,0.7985091965935974
2025-12-29,0.7995413583902165
2025-12-30,0.7995809152139107
2025-12-31,0.802724027495574
2026-01-02,0.8055143106993444
2026-01-05,0.8067964491195823
2026-01-06,0.80707667526562
2026-01-07,0.8042173223987825
2026-01-08,0.8050934277212317
2026-01-09,0.8062022303063695
2026-01-12,0.8063980770846412
2026-01-13,0.8061805263615142
2026-01-14,0.805711131349564
2026-01-15,0.8059446194625659
2026-01-16,0.8065529029123527
2026-01-20,0.7963572990347485
2026-01-21,0.8001167409352717
2026-01-22,0.8076465245989972
2026-01-23,0.8074588494052773
2026-01-26,0.8089240632162742
2026-01-27,0.8096998027697493
2026-01-28,0.8112271650717485
2026-01-29,0.8109687920359792
2026-01-30,0.8196537625678683
2026-02-02,0.8323775999555166
2026-02-03,0.823716304179101
2026-02-04,0.8280710839536383
2026-02-05,0.8285774732775797
2026-02-06,0.8322310940086078
2026-02-09,0.8356807851459624
2026-02-10,0.8346061072401034
2026-02-11,0.8380189108891802
2026-02-12,0.8388987979189749
2026-02-13,0.8388361144453043
2026-02-17,0.8372842804722229
2026-02-18,0.8379944771828196
2026-02-19,0.8366127405763433
2026-02-20,0.8375408037217971
2026-02-23,0.8301935611856724
2026-02-24,0.8283820218918971
2026-02-25,0.8284223060563042
2026-02-26,0.828565123348783
2026-02-27,0.8261468267739455
2026-03-02,0.8252033965500006
2026-03-03,0.8301244573602663
2026-03-04,0.832898757122737
2026-03-05,0.8317268825677355
2026-03-06,0.8285597809119631
2026-03-09,0.8331645287391439
2026-03-10,0.8321664744526976
2026-03-11,0.8333301570026261
2026-03-12,0.8359268527737491
2026-03-13,0.8385756909305965
2026-03-16,0.8387807495420323
2026-03-17,0.8378158244710323
2026-03-18,0.8430026163037827
2026-03-19,0.8437657211540268
2026-03-20,0.8570487807868078
2026-03-23,0.8533902752124576
2026-03-24,0.8537347877703539
2026-03-25,0.8584700449562762
2026-03-26,0.8682816327189208
2026-03-27,0.859682848133155
2026-03-30,0.8598814626458995
2026-03-31,0.8595044913742511
2026-04-01,0.861243143899402
2026-04-02,0.8609940363892531
2026-04-06,0.8602183557915782
2026-04-07,0.8602562342671375
2026-04-08,0.8555549363636796
2026-04-09,0.8559636560840108
2026-04-10,0.8545002238722663
2026-04-13,0.8529072735769324
2026-04-14,0.8752097532896731
2026-04-15,0.8717044966743694
2026-04-16,0.8714449611228592
2026-04-17,0.8726335847489404
2026-04-20,0.8778499453800835
2026-04-21,0.8810322675568567
2026-04-22,0.8795198649852091
2026-04-23,0.8797889236378359
2026-04-24,0.8819291441983774
2026-04-27,0.8824080784344215
2026-04-28,0.8846670034613877
2026-04-29,0.887934501636634
2026-04-30,0.8869181214703394
2026-05-01,0.8874757385420373
2026-05-04,0.890610241847997
2026-05-05,0.8926398279026401
2026-05-06,0.8983851335593628
2026-05-07,0.8960803919827646
2026-05-08,0.9000124755894261
2026-05-11,0.9015735062090816
2026-05-12,0.9025586964372635
2026-05-13,0.8996967887222017
2026-05-14,0.8978909755267643
2026-05-15,0.9035049554521623
2026-05-18,0.9032352043315711
2026-05-19,0.9041905779226738
2026-05-20,0.9096755674696398
2026-05-21,0.9111277098824656
2026-05-22,0.9111311225815085
2026-05-26,0.9160143971345988
2026-05-27,0.918838895315755
2026-05-28,0.915091917620665
2026-05-29,0.9179531089609019
2026-06-01,0.9170100032502378
2026-06-02,0.9171417488282594
2026-06-03,0.9156299560973479
2026-06-04,0.9147509007052734
2026-06-05,0.9328562891182545
2026-06-08,0.933366519650244
2026-06-09,0.9344667939248771
2026-06-10,0.9386737082335778
2026-06-11,0.9509936330856544
2026-06-12,0.9509398671834216
2026-06-15,0.9551017910288572
2026-06-16,0.9544288647979512
2026-06-17,0.9516076567457985
2026-06-18,0.9551405859393418
2026-06-22,0.9571757944384863
2026-06-23,0.9619699240067651
2026-06-24,0.9636865780707505
2026-06-25,0.9640033787002078
2026-06-26,0.9628999123021253
2026-06-29,0.9582128322978323
2026-06-30,0.9570880844745642
2026-07-01,0.9567246341313352
2026-07-02,0.9571498221260311
2026-07-06,0.95704685495438
2026-07-07,0.9606566456484815
2026-07-08,0.9586785414513455
